SG_UF_PROGRAMA,CD_AREA_AVALIACAO,CONTAGEM_DISCENTES
AC,2,34
AC,7,3
AC,11,31
AC,16,35
AC,22,70
AC,24,59
AC,27,13
AC,36,51
AC,38,81
AC,41,113
AC,42,86
AC,45,60
AC,46,222
AC,48,23
AC,49,34
AC,51,121
AL,1,34
AL,2,103
AL,3,79
AL,4,88
AL,5,29
AL,7,56
AL,8,23
AL,10,138
AL,12,76
AL,15,41
AL,16,137
AL,18,74
AL,19,48
AL,20,60
AL,21,31
AL,22,40
AL,24,67
AL,26,132
AL,27,72
AL,28,39
AL,29,131
AL,31,50
AL,32,108
AL,33,15
AL,34,28
AL,35,30
AL,36,56
AL,37,90
AL,38,164
AL,40,41
AL,41,196
AL,42,245
AL,45,144
AL,46,323
AL,47,49
AL,48,69
AL,49,128
AL,50,83
AL,51,237
AM,1,77
AM,2,202
AM,3,43
AM,4,155
AM,5,80
AM,6,46
AM,7,350
AM,8,17
AM,9,159
AM,13,56
AM,14,200
AM,15,33
AM,16,204
AM,17,80
AM,18,40
AM,19,63
AM,20,158
AM,21,105
AM,22,196
AM,23,138
AM,26,137
AM,27,12
AM,28,10
AM,29,86
AM,31,20
AM,32,57
AM,34,6
AM,35,142
AM,36,165
AM,37,76
AM,38,310
AM,40,112
AM,41,178
AM,42,255
AM,45,430
AM,46,423
AM,47,37
AM,48,236
AM,49,363
AM,51,328
AP,7,56
AP,19,81
AP,22,14
AP,26,25
AP,30,65
AP,36,72
AP,38,127
AP,39,29
AP,40,32
AP,41,65
AP,45,134
AP,46,43
AP,48,29
AP,49,48
AP,51,150
BA,1,86
BA,2,273
BA,3,62
BA,4,305
BA,5,231
BA,6,49
BA,7,608
BA,8,143
BA,9,144
BA,10,191
BA,11,703
BA,12,139
BA,13,287
BA,14,185
BA,15,479
BA,16,303
BA,18,83
BA,19,215
BA,20,381
BA,21,126
BA,22,834
BA,23,209
BA,24,178
BA,25,203
BA,26,325
BA,27,322
BA,28,125
BA,29,344
BA,30,143
BA,31,356
BA,32,130
BA,33,122
BA,34,235
BA,35,138
BA,36,292
BA,37,303
BA,38,1361
BA,39,159
BA,40,476
BA,41,1482
BA,42,695
BA,45,2999
BA,46,1213
BA,47,80
BA,48,298
BA,49,501
BA,50,153
BA,51,926
CE,1,64
CE,2,574
CE,3,148
CE,4,209
CE,5,125
CE,7,172
CE,8,531
CE,9,66
CE,10,509
CE,11,134
CE,12,128
CE,13,42
CE,14,430
CE,15,388
CE,16,288
CE,17,169
CE,18,267
CE,19,117
CE,20,563
CE,21,78
CE,22,908
CE,23,140
CE,24,102
CE,25,117
CE,26,669
CE,27,594
CE,28,345
CE,29,126
CE,31,247
CE,32,70
CE,33,251
CE,34,259
CE,35,51
CE,36,332
CE,37,359
CE,38,750
CE,39,312
CE,40,173
CE,41,659
CE,42,244
CE,45,1069
CE,46,444
CE,47,95
CE,48,232
CE,49,296
CE,50,54
CE,51,857
DF,1,166
DF,2,301
DF,3,82
DF,4,158
DF,5,226
DF,6,167
DF,7,209
DF,9,144
DF,10,451
DF,11,244
DF,13,338
DF,14,299
DF,15,298
DF,16,267
DF,18,115
DF,19,100
DF,20,158
DF,21,312
DF,22,405
DF,24,112
DF,26,2112
DF,27,753
DF,28,757
DF,29,274
DF,31,317
DF,32,98
DF,33,183
DF,34,228
DF,35,177
DF,36,139
DF,37,592
DF,38,455
DF,39,643
DF,40,155
DF,41,589
DF,42,275
DF,45,1083
DF,46,179
DF,47,27
DF,48,65
DF,49,273
DF,50,72
DF,51,387
ES,1,28
ES,2,263
ES,3,111
ES,4,143
ES,7,73
ES,8,106
ES,10,224
ES,11,54
ES,12,151
ES,13,129
ES,14,257
ES,16,66
ES,18,29
ES,19,145
ES,20,47
ES,21,145
ES,22,211
ES,24,59
ES,25,29
ES,26,216
ES,27,508
ES,28,38
ES,29,120
ES,31,84
ES,32,179
ES,33,75
ES,34,152
ES,36,102
ES,37,228
ES,38,369
ES,40,105
ES,41,180
ES,42,465
ES,44,255
ES,45,389
ES,46,582
ES,48,124
ES,49,107
ES,50,58
ES,51,361
GO,1,52
GO,2,184
GO,3,81
GO,4,292
GO,5,8
GO,6,88
GO,7,199
GO,8,82
GO,9,73
GO,10,199
GO,11,134
GO,12,20
GO,13,170
GO,14,83
GO,16,495
GO,18,122
GO,19,198
GO,20,142
GO,21,197
GO,22,113
GO,23,181
GO,24,174
GO,25,102
GO,26,372
GO,27,364
GO,28,20
GO,29,56
GO,30,206
GO,31,82
GO,32,22
GO,33,65
GO,34,55
GO,35,105
GO,36,373
GO,37,185
GO,38,658
GO,39,55
GO,40,335
GO,41,470
GO,42,735
GO,44,75
GO,45,877
GO,46,595
GO,47,35
GO,48,19
GO,49,421
GO,50,77
GO,51,383
MA,1,14
MA,2,138
MA,3,51
MA,4,146
MA,5,44
MA,7,85
MA,11,40
MA,13,70
MA,14,135
MA,15,123
MA,16,66
MA,18,144
MA,20,36
MA,21,101
MA,22,205
MA,23,44
MA,24,144
MA,26,99
MA,27,43
MA,28,38
MA,29,42
MA,30,45
MA,31,82
MA,32,135
MA,33,46
MA,34,108
MA,35,42
MA,36,116
MA,37,76
MA,38,549
MA,40,268
MA,41,289
MA,42,85
MA,45,375
MA,46,142
MA,47,118
MA,48,127
MA,49,157
MA,51,326
MG,1,279
MG,2,1154
MG,3,497
MG,4,798
MG,5,209
MG,6,675
MG,7,894
MG,8,664
MG,9,346
MG,10,1221
MG,11,835
MG,12,1082
MG,13,979
MG,14,1343
MG,15,809
MG,16,699
MG,17,236
MG,18,664
MG,19,496
MG,20,452
MG,21,856
MG,22,666
MG,23,545
MG,24,727
MG,25,498
MG,26,1582
MG,27,1798
MG,28,488
MG,29,391
MG,30,199
MG,31,693
MG,32,204
MG,33,501
MG,34,361
MG,35,95
MG,36,613
MG,37,733
MG,38,3378
MG,39,302
MG,40,744
MG,41,1689
MG,42,3178
MG,44,245
MG,45,2198
MG,46,996
MG,47,139
MG,48,482
MG,49,614
MG,50,361
MG,51,1069
MS,2,161
MS,4,114
MS,7,213
MS,8,36
MS,10,156
MS,13,9
MS,14,22
MS,16,227
MS,18,72
MS,19,47
MS,20,84
MS,21,64
MS,22,73
MS,23,213
MS,24,62
MS,25,23
MS,26,87
MS,27,226
MS,30,33
MS,31,38
MS,34,40
MS,35,84
MS,36,222
MS,37,179
MS,38,683
MS,40,86
MS,41,403
MS,42,319
MS,45,781
MS,46,455
MS,47,64
MS,48,107
MS,49,308
MS,50,22
MS,51,329
MT,2,20
MT,3,43
MT,4,50
MT,5,31
MT,7,162
MT,9,37
MT,10,42
MT,11,12
MT,15,124
MT,18,66
MT,20,67
MT,21,53
MT,22,126
MT,23,136
MT,24,117
MT,25,28
MT,26,77
MT,27,12
MT,28,42
MT,29,32
MT,31,41
MT,32,68
MT,33,26
MT,34,59
MT,35,31
MT,36,136
MT,37,46
MT,38,396
MT,40,97
MT,41,492
MT,42,182
MT,45,316
MT,46,397
MT,47,33
MT,48,86
MT,49,421
MT,50,36
MT,51,495
PA,1,111
PA,2,245
PA,3,69
PA,4,108
PA,5,232
PA,6,166
PA,7,591
PA,8,291
PA,9,332
PA,10,454
PA,11,207
PA,12,142
PA,13,299
PA,14,316
PA,15,219
PA,16,315
PA,17,59
PA,18,120
PA,19,200
PA,20,164
PA,21,104
PA,22,154
PA,23,122
PA,24,306
PA,25,119
PA,26,376
PA,27,199
PA,28,147
PA,29,131
PA,30,96
PA,31,180
PA,32,114
PA,33,48
PA,34,133
PA,35,144
PA,36,241
PA,37,411
PA,38,822
PA,39,84
PA,40,271
PA,41,430
PA,42,227
PA,44,31
PA,45,1611
PA,46,1002
PA,48,247
PA,49,525
PA,51,839
PB,1,118
PB,2,340
PB,3,102
PB,4,165
PB,5,73
PB,6,29
PB,7,220
PB,8,29
PB,10,367
PB,11,113
PB,12,391
PB,13,274
PB,14,246
PB,15,62
PB,18,204
PB,19,235
PB,20,198
PB,21,178
PB,22,165
PB,23,112
PB,24,173
PB,25,123
PB,26,255
PB,27,411
PB,28,78
PB,29,132
PB,30,43
PB,31,247
PB,32,99
PB,33,54
PB,34,217
PB,35,121
PB,36,157
PB,37,328
PB,38,467
PB,39,168
PB,40,163
PB,41,795
PB,42,490
PB,44,106
PB,45,231
PB,46,237
PB,47,147
PB,48,53
PB,49,553
PB,50,77
PB,51,605
PE,1,164
PE,2,1431
PE,3,145
PE,4,264
PE,5,105
PE,6,454
PE,7,579
PE,8,146
PE,10,664
PE,11,104
PE,12,358
PE,13,381
PE,14,301
PE,15,186
PE,16,406
PE,17,113
PE,18,207
PE,19,347
PE,20,227
PE,21,442
PE,22,318
PE,23,270
PE,24,429
PE,25,34
PE,26,537
PE,27,517
PE,28,200
PE,29,445
PE,30,186
PE,31,347
PE,32,97
PE,33,109
PE,34,162
PE,35,242
PE,36,164
PE,37,532
PE,38,830
PE,39,272
PE,40,414
PE,41,436
PE,42,650
PE,44,116
PE,45,761
PE,46,695
PE,47,294
PE,48,150
PE,49,404
PE,50,156
PE,51,869
PI,1,63
PI,2,115
PI,3,42
PI,4,242
PI,7,44
PI,8,68
PI,14,56
PI,15,54
PI,17,62
PI,18,39
PI,19,103
PI,20,214
PI,21,12
PI,22,124
PI,23,75
PI,24,64
PI,25,88
PI,26,49
PI,27,46
PI,31,61
PI,32,113
PI,33,68
PI,34,41
PI,35,99
PI,36,97
PI,37,61
PI,38,167
PI,39,39
PI,40,129
PI,41,352
PI,42,153
PI,45,223
PI,46,67
PI,47,227
PI,48,203
PI,49,144
PI,51,546
PR,1,99
PR,2,758
PR,3,299
PR,4,573
PR,5,143
PR,6,334
PR,7,559
PR,8,370
PR,9,133
PR,10,826
PR,11,271
PR,12,451
PR,13,1136
PR,14,581
PR,15,427
PR,16,391
PR,17,213
PR,18,660
PR,19,587
PR,20,533
PR,21,563
PR,22,167
PR,23,385
PR,24,732
PR,25,411
PR,26,1518
PR,27,1063
PR,28,303
PR,29,174
PR,30,512
PR,31,264
PR,32,116
PR,33,496
PR,34,252
PR,35,105
PR,36,555
PR,37,459
PR,38,1901
PR,39,430
PR,40,619
PR,41,1357
PR,42,1466
PR,44,241
PR,45,2507
PR,46,1593
PR,47,146
PR,48,283
PR,49,611
PR,50,51
PR,51,1147
RJ,1,598
RJ,2,1309
RJ,3,640
RJ,4,671
RJ,5,747
RJ,6,332
RJ,7,949
RJ,8,1372
RJ,9,603
RJ,10,1525
RJ,11,1317
RJ,12,2042
RJ,13,1978
RJ,14,816
RJ,15,1108
RJ,16,1006
RJ,17,202
RJ,18,616
RJ,19,390
RJ,20,783
RJ,21,490
RJ,22,2168
RJ,23,88
RJ,24,470
RJ,25,263
RJ,26,2061
RJ,27,1903
RJ,28,745
RJ,29,894
RJ,30,505
RJ,31,1354
RJ,32,586
RJ,33,739
RJ,34,1033
RJ,35,442
RJ,36,957
RJ,37,1480
RJ,38,2415
RJ,39,1141
RJ,40,1759
RJ,41,2196
RJ,42,548
RJ,44,156
RJ,45,4100
RJ,46,1826
RJ,47,184
RJ,48,337
RJ,49,819
RJ,50,309
RJ,51,1371
RN,1,29
RN,2,242
RN,3,121
RN,4,110
RN,5,147
RN,6,77
RN,7,156
RN,8,246
RN,9,28
RN,10,65
RN,11,154
RN,12,194
RN,13,264
RN,14,430
RN,16,196
RN,17,38
RN,18,112
RN,19,121
RN,20,159
RN,21,301
RN,22,363
RN,23,35
RN,24,84
RN,26,147
RN,27,550
RN,28,73
RN,29,137
RN,30,224
RN,31,178
RN,32,103
RN,33,82
RN,34,81
RN,35,84
RN,36,191
RN,37,314
RN,38,528
RN,40,159
RN,41,428
RN,42,263
RN,45,466
RN,46,544
RN,47,153
RN,48,101
RN,49,279
RN,50,71
RN,51,764
RO,7,38
RO,9,73
RO,22,24
RO,26,32
RO,27,99
RO,31,12
RO,33,66
RO,36,139
RO,37,86
RO,38,222
RO,40,48
RO,41,127
RO,45,242
RO,46,133
RO,48,20
RO,49,80
RO,51,90
RR,22,4
RR,27,13
RR,31,27
RR,35,26
RR,36,33
RR,38,111
RR,41,86
RR,42,51
RR,45,218
RR,46,115
RR,48,15
RR,49,129
RR,51,123
RS,1,150
RS,2,1072
RS,3,257
RS,4,413
RS,5,499
RS,6,467
RS,7,552
RS,8,705
RS,9,57
RS,10,1075
RS,11,446
RS,12,1229
RS,13,1003
RS,14,472
RS,15,1118
RS,16,671
RS,17,153
RS,18,658
RS,19,301
RS,20,721
RS,21,679
RS,22,554
RS,23,311
RS,24,681
RS,25,527
RS,26,1590
RS,27,1325
RS,28,422
RS,29,466
RS,30,407
RS,31,468
RS,32,175
RS,33,527
RS,34,343
RS,35,208
RS,36,407
RS,37,937
RS,38,3287
RS,39,532
RS,40,766
RS,41,1321
RS,42,1148
RS,44,288
RS,45,2378
RS,46,2036
RS,47,363
RS,48,272
RS,49,471
RS,50,182
RS,51,294
SC,1,63
SC,2,265
SC,3,111
SC,4,232
SC,5,112
SC,6,58
SC,7,168
SC,8,294
SC,9,70
SC,10,517
SC,11,314
SC,12,488
SC,13,657
SC,14,563
SC,15,251
SC,16,235
SC,18,159
SC,19,177
SC,20,452
SC,21,476
SC,22,331
SC,23,142
SC,24,203
SC,25,220
SC,26,1185
SC,27,1087
SC,28,62
SC,29,442
SC,30,228
SC,31,339
SC,32,125
SC,33,176
SC,34,117
SC,35,146
SC,36,160
SC,37,263
SC,38,1522
SC,39,76
SC,40,318
SC,41,922
SC,42,353
SC,45,1331
SC,46,481
SC,47,183
SC,49,475
SC,50,110
SC,51,495
SE,1,32
SE,2,70
SE,3,80
SE,4,78
SE,5,12
SE,7,60
SE,8,63
SE,9,33
SE,10,115
SE,12,160
SE,14,20
SE,15,305
SE,18,45
SE,19,78
SE,20,67
SE,21,69
SE,22,59
SE,23,23
SE,25,24
SE,26,166
SE,27,134
SE,28,46
SE,31,73
SE,32,41
SE,33,92
SE,34,115
SE,35,72
SE,36,109
SE,37,135
SE,38,338
SE,40,49
SE,41,202
SE,42,65
SE,44,25
SE,45,259
SE,46,207
SE,48,126
SE,49,117
SE,50,56
SE,51,228
SP,1,1639
SP,2,2168
SP,3,1506
SP,4,1865
SP,5,1029
SP,6,1638
SP,7,1639
SP,8,1028
SP,9,555
SP,10,1748
SP,11,1504
SP,12,1835
SP,13,3437
SP,14,2587
SP,15,4348
SP,16,2452
SP,17,2157
SP,18,3903
SP,19,839
SP,20,1585
SP,21,1841
SP,22,1349
SP,23,800
SP,24,1456
SP,25,804
SP,26,5806
SP,27,3646
SP,28,1423
SP,29,1597
SP,30,491
SP,31,1305
SP,32,339
SP,33,917
SP,34,928
SP,35,545
SP,36,1058
SP,37,2097
SP,38,5016
SP,39,908
SP,40,1118
SP,41,3290
SP,42,2202
SP,44,295
SP,45,5493
SP,46,2403
SP,47,734
SP,48,711
SP,49,1241
SP,50,294
SP,51,1152
TO,4,34
TO,7,24
TO,10,36
TO,22,15
TO,23,43
TO,24,47
TO,25,25
TO,27,49
TO,30,240
TO,31,35
TO,32,36
TO,33,10
TO,36,53
TO,38,194
TO,40,37
TO,41,366
TO,42,176
TO,45,406
TO,46,184
TO,48,79
TO,49,83
TO,51,190
