AN_BASE,CD_AREA_AVALIACAO,NM_AREA_AVALIACAO,CONTAGEM_DISCENTES
2004,1,MATEMÁTICA / PROBABILIDADE E ESTATÍSTICA,1364
2004,2,CIÊNCIA DA COMPUTAÇÃO,3138
2004,3,ASTRONOMIA / FÍSICA,2118
2004,4,QUÍMICA,3615
2004,5,GEOCIÊNCIAS,2140
2004,6,CIÊNCIAS BIOLÓGICAS I,4266
2004,7,BIODIVERSIDADE,1600
2004,8,CIÊNCIAS BIOLÓGICAS II,4005
2004,9,CIÊNCIAS BIOLÓGICAS III,1645
2004,10,ENGENHARIAS I,4004
2004,11,ARTES / MÚSICA,1271
2004,12,ENGENHARIAS II,4016
2004,13,ENGENHARIAS III,3873
2004,14,ENGENHARIAS IV,4088
2004,15,MEDICINA I,3230
2004,16,MEDICINA II,3130
2004,17,MEDICINA III,1997
2004,18,ODONTOLOGIA,2420
2004,19,FARMÁCIA,1569
2004,20,ENFERMAGEM,1942
2004,21,EDUCAÇÃO FÍSICA,1477
2004,22,SAÚDE COLETIVA,2572
2004,23,ZOOTECNIA / RECURSOS PESQUEIROS,2454
2004,24,MEDICINA VETERINÁRIA,2529
2004,25,CIÊNCIA DE ALIMENTOS,1810
2004,26,DIREITO,4807
2004,27,"ADMINISTRAÇÃO, CIÊNCIAS CONTÁBEIS E TURISMO",3226
2004,28,ECONOMIA,1687
2004,29,ARQUITETURA E URBANISMO,1906
2004,30,PLANEJAMENTO URBANO E REGIONAL / DEMOGRAFIA,818
2004,31,CIÊNCIAS SOCIAIS APLICADAS I,2362
2004,32,SERVIÇO SOCIAL,1272
2004,33,FILOSOFIA / TEOLOGIA:SUBCOMISSÃO FILOSOFIA,1527
2004,34,SOCIOLOGIA,2415
2004,35,ANTROPOLOGIA / ARQUEOLOGIA,932
2004,36,GEOGRAFIA,2143
2004,37,PSICOLOGIA,3183
2004,38,EDUCAÇÃO,4962
2004,39,CIÊNCIA POLÍTICA E RELAÇÕES INTERNACIONAIS,850
2004,40,HISTÓRIA,2750
2004,41,LETRAS / LINGUÍSTICA,3353
2004,42,CIÊNCIAS AGRÁRIAS I,5046
2004,44,FILOSOFIA/TEOLOGIA:SUBCOMISSÃO TEOLOGIA,752
2004,45,INTERDISCIPLINAR,2231
2004,46,ENSINO,983
2005,1,MATEMÁTICA / PROBABILIDADE E ESTATÍSTICA,1467
2005,2,CIÊNCIA DA COMPUTAÇÃO,3234
2005,3,ASTRONOMIA / FÍSICA,2477
2005,4,QUÍMICA,3955
2005,5,GEOCIÊNCIAS,2314
2005,6,CIÊNCIAS BIOLÓGICAS I,4695
2005,7,BIODIVERSIDADE,1659
2005,8,CIÊNCIAS BIOLÓGICAS II,4449
2005,9,CIÊNCIAS BIOLÓGICAS III,1803
2005,10,ENGENHARIAS I,4091
2005,11,ARTES / MÚSICA,1400
2005,12,ENGENHARIAS II,4383
2005,13,ENGENHARIAS III,4141
2005,14,ENGENHARIAS IV,4126
2005,15,MEDICINA I,3669
2005,16,MEDICINA II,3477
2005,17,MEDICINA III,2231
2005,18,ODONTOLOGIA,2623
2005,19,FARMÁCIA,1701
2005,20,ENFERMAGEM,2106
2005,21,EDUCAÇÃO FÍSICA,1639
2005,22,SAÚDE COLETIVA,2814
2005,23,ZOOTECNIA / RECURSOS PESQUEIROS,2822
2005,24,MEDICINA VETERINÁRIA,2798
2005,25,CIÊNCIA DE ALIMENTOS,1928
2005,26,DIREITO,4999
2005,27,"ADMINISTRAÇÃO, CIÊNCIAS CONTÁBEIS E TURISMO",3387
2005,28,ECONOMIA,1800
2005,29,ARQUITETURA E URBANISMO,2085
2005,30,PLANEJAMENTO URBANO E REGIONAL / DEMOGRAFIA,852
2005,31,CIÊNCIAS SOCIAIS APLICADAS I,2298
2005,32,SERVIÇO SOCIAL,1435
2005,33,FILOSOFIA / TEOLOGIA:SUBCOMISSÃO FILOSOFIA,1489
2005,34,SOCIOLOGIA,2642
2005,35,ANTROPOLOGIA / ARQUEOLOGIA,1024
2005,36,GEOGRAFIA,2281
2005,37,PSICOLOGIA,3451
2005,38,EDUCAÇÃO,5264
2005,39,CIÊNCIA POLÍTICA E RELAÇÕES INTERNACIONAIS,889
2005,40,HISTÓRIA,2941
2005,41,LETRAS / LINGUÍSTICA,3627
2005,42,CIÊNCIAS AGRÁRIAS I,5581
2005,44,FILOSOFIA/TEOLOGIA:SUBCOMISSÃO TEOLOGIA,790
2005,45,INTERDISCIPLINAR,2449
2005,46,ENSINO,1006
2006,1,MATEMÁTICA / PROBABILIDADE E ESTATÍSTICA,1594
2006,2,CIÊNCIA DA COMPUTAÇÃO,3228
2006,3,ASTRONOMIA / FÍSICA,2646
2006,4,QUÍMICA,4090
2006,5,GEOCIÊNCIAS,2401
2006,6,CIÊNCIAS BIOLÓGICAS I,5081
2006,7,BIODIVERSIDADE,1739
2006,8,CIÊNCIAS BIOLÓGICAS II,4608
2006,9,CIÊNCIAS BIOLÓGICAS III,1887
2006,10,ENGENHARIAS I,4243
2006,11,ARTES / MÚSICA,1298
2006,12,ENGENHARIAS II,4682
2006,13,ENGENHARIAS III,4333
2006,14,ENGENHARIAS IV,4409
2006,15,MEDICINA I,4136
2006,16,MEDICINA II,3886
2006,17,MEDICINA III,2360
2006,18,ODONTOLOGIA,2827
2006,19,FARMÁCIA,2025
2006,20,ENFERMAGEM,2273
2006,21,EDUCAÇÃO FÍSICA,1841
2006,22,SAÚDE COLETIVA,2880
2006,23,ZOOTECNIA / RECURSOS PESQUEIROS,2930
2006,24,MEDICINA VETERINÁRIA,3164
2006,25,CIÊNCIA DE ALIMENTOS,1985
2006,26,DIREITO,4822
2006,27,"ADMINISTRAÇÃO, CIÊNCIAS CONTÁBEIS E TURISMO",3418
2006,28,ECONOMIA,1946
2006,29,ARQUITETURA E URBANISMO,2199
2006,30,PLANEJAMENTO URBANO E REGIONAL / DEMOGRAFIA,915
2006,31,CIÊNCIAS SOCIAIS APLICADAS I,2203
2006,32,SERVIÇO SOCIAL,1528
2006,33,FILOSOFIA / TEOLOGIA:SUBCOMISSÃO FILOSOFIA,1606
2006,34,SOCIOLOGIA,2672
2006,35,ANTROPOLOGIA / ARQUEOLOGIA,1053
2006,36,GEOGRAFIA,2523
2006,37,PSICOLOGIA,3657
2006,38,EDUCAÇÃO,5615
2006,39,CIÊNCIA POLÍTICA E RELAÇÕES INTERNACIONAIS,950
2006,40,HISTÓRIA,3149
2006,41,LETRAS / LINGUÍSTICA,3909
2006,42,CIÊNCIAS AGRÁRIAS I,5999
2006,44,FILOSOFIA/TEOLOGIA:SUBCOMISSÃO TEOLOGIA,829
2006,45,INTERDISCIPLINAR,2670
2006,46,ENSINO,1161
2007,1,MATEMÁTICA / PROBABILIDADE E ESTATÍSTICA,1673
2007,2,CIÊNCIA DA COMPUTAÇÃO,3513
2007,3,ASTRONOMIA / FÍSICA,2901
2007,4,QUÍMICA,4529
2007,5,GEOCIÊNCIAS,2571
2007,6,CIÊNCIAS BIOLÓGICAS I,5073
2007,7,BIODIVERSIDADE,1933
2007,8,CIÊNCIAS BIOLÓGICAS II,4758
2007,9,CIÊNCIAS BIOLÓGICAS III,1978
2007,10,ENGENHARIAS I,4511
2007,11,ARTES / MÚSICA,1426
2007,12,ENGENHARIAS II,4814
2007,13,ENGENHARIAS III,4611
2007,14,ENGENHARIAS IV,4803
2007,15,MEDICINA I,4539
2007,16,MEDICINA II,4460
2007,17,MEDICINA III,2280
2007,18,ODONTOLOGIA,3183
2007,19,FARMÁCIA,2312
2007,20,ENFERMAGEM,2565
2007,21,EDUCAÇÃO FÍSICA,2083
2007,22,SAÚDE COLETIVA,3158
2007,23,ZOOTECNIA / RECURSOS PESQUEIROS,3441
2007,24,MEDICINA VETERINÁRIA,3327
2007,25,CIÊNCIA DE ALIMENTOS,2255
2007,26,DIREITO,5028
2007,27,"ADMINISTRAÇÃO, CIÊNCIAS CONTÁBEIS E TURISMO",3648
2007,28,ECONOMIA,2099
2007,29,ARQUITETURA E URBANISMO,2237
2007,30,PLANEJAMENTO URBANO E REGIONAL / DEMOGRAFIA,976
2007,31,CIÊNCIAS SOCIAIS APLICADAS I,2327
2007,32,SERVIÇO SOCIAL,1558
2007,33,FILOSOFIA / TEOLOGIA:SUBCOMISSÃO FILOSOFIA,1719
2007,34,SOCIOLOGIA,2885
2007,35,ANTROPOLOGIA / ARQUEOLOGIA,1068
2007,36,GEOGRAFIA,2760
2007,37,PSICOLOGIA,3863
2007,38,EDUCAÇÃO,6040
2007,39,CIÊNCIA POLÍTICA E RELAÇÕES INTERNACIONAIS,834
2007,40,HISTÓRIA,3478
2007,41,LETRAS / LINGUÍSTICA,4335
2007,42,CIÊNCIAS AGRÁRIAS I,6248
2007,44,FILOSOFIA/TEOLOGIA:SUBCOMISSÃO TEOLOGIA,866
2007,45,INTERDISCIPLINAR,2754
2007,46,ENSINO,1409
2007,47,MATERIAIS,778
2007,48,BIOTECNOLOGIA,1601
2008,1,MATEMÁTICA / PROBABILIDADE E ESTATÍSTICA,1742
2008,2,CIÊNCIA DA COMPUTAÇÃO,3793
2008,3,ASTRONOMIA / FÍSICA,2989
2008,4,QUÍMICA,4746
2008,5,GEOCIÊNCIAS,2802
2008,6,CIÊNCIAS BIOLÓGICAS I,5445
2008,7,BIODIVERSIDADE,2181
2008,8,CIÊNCIAS BIOLÓGICAS II,4813
2008,9,CIÊNCIAS BIOLÓGICAS III,2008
2008,10,ENGENHARIAS I,4519
2008,11,ARTES / MÚSICA,1521
2008,12,ENGENHARIAS II,4807
2008,13,ENGENHARIAS III,4903
2008,14,ENGENHARIAS IV,4909
2008,15,MEDICINA I,4920
2008,16,MEDICINA II,4754
2008,17,MEDICINA III,2327
2008,18,ODONTOLOGIA,3383
2008,19,FARMÁCIA,2396
2008,20,ENFERMAGEM,2851
2008,21,EDUCAÇÃO FÍSICA,2299
2008,22,SAÚDE COLETIVA,3429
2008,23,ZOOTECNIA / RECURSOS PESQUEIROS,3504
2008,24,MEDICINA VETERINÁRIA,3682
2008,25,CIÊNCIA DE ALIMENTOS,2349
2008,26,DIREITO,4959
2008,27,"ADMINISTRAÇÃO, CIÊNCIAS CONTÁBEIS E TURISMO",3770
2008,28,ECONOMIA,2229
2008,29,ARQUITETURA E URBANISMO,2231
2008,30,PLANEJAMENTO URBANO E REGIONAL / DEMOGRAFIA,1207
2008,31,CIÊNCIAS SOCIAIS APLICADAS I,2407
2008,32,SERVIÇO SOCIAL,1647
2008,33,FILOSOFIA / TEOLOGIA:SUBCOMISSÃO FILOSOFIA,1753
2008,34,SOCIOLOGIA,3081
2008,35,ANTROPOLOGIA / ARQUEOLOGIA,1181
2008,36,GEOGRAFIA,2880
2008,37,PSICOLOGIA,3964
2008,38,EDUCAÇÃO,6260
2008,39,CIÊNCIA POLÍTICA E RELAÇÕES INTERNACIONAIS,964
2008,40,HISTÓRIA,3559
2008,41,LETRAS / LINGUÍSTICA,4652
2008,42,CIÊNCIAS AGRÁRIAS I,6607
2008,44,FILOSOFIA/TEOLOGIA:SUBCOMISSÃO TEOLOGIA,915
2008,45,INTERDISCIPLINAR,2918
2008,46,ENSINO,1579
2008,47,MATERIAIS,983
2008,48,BIOTECNOLOGIA,1893
2009,1,MATEMÁTICA / PROBABILIDADE E ESTATÍSTICA,1797
2009,2,CIÊNCIA DA COMPUTAÇÃO,4207
2009,3,ASTRONOMIA / FÍSICA,3126
2009,4,QUÍMICA,4890
2009,5,GEOCIÊNCIAS,2923
2009,6,CIÊNCIAS BIOLÓGICAS I,5652
2009,7,BIODIVERSIDADE,2435
2009,8,CIÊNCIAS BIOLÓGICAS II,5003
2009,9,CIÊNCIAS BIOLÓGICAS III,2238
2009,10,ENGENHARIAS I,4759
2009,11,ARTES / MÚSICA,1643
2009,12,ENGENHARIAS II,5346
2009,13,ENGENHARIAS III,5543
2009,14,ENGENHARIAS IV,5050
2009,15,MEDICINA I,5151
2009,16,MEDICINA II,5051
2009,17,MEDICINA III,2437
2009,18,ODONTOLOGIA,3716
2009,19,FARMÁCIA,2618
2009,20,ENFERMAGEM,3244
2009,21,EDUCAÇÃO FÍSICA,2486
2009,22,SAÚDE COLETIVA,3606
2009,23,ZOOTECNIA / RECURSOS PESQUEIROS,3755
2009,24,MEDICINA VETERINÁRIA,4102
2009,25,CIÊNCIA DE ALIMENTOS,2653
2009,26,DIREITO,5367
2009,27,"ADMINISTRAÇÃO, CIÊNCIAS CONTÁBEIS E TURISMO",3966
2009,28,ECONOMIA,2357
2009,29,ARQUITETURA E URBANISMO,2317
2009,30,PLANEJAMENTO URBANO E REGIONAL / DEMOGRAFIA,1321
2009,31,CIÊNCIAS SOCIAIS APLICADAS I,2547
2009,32,SERVIÇO SOCIAL,1856
2009,33,FILOSOFIA / TEOLOGIA:SUBCOMISSÃO FILOSOFIA,1828
2009,34,SOCIOLOGIA,3147
2009,35,ANTROPOLOGIA / ARQUEOLOGIA,1292
2009,36,GEOGRAFIA,3009
2009,37,PSICOLOGIA,4185
2009,38,EDUCAÇÃO,6667
2009,39,CIÊNCIA POLÍTICA E RELAÇÕES INTERNACIONAIS,1087
2009,40,HISTÓRIA,3869
2009,41,LETRAS / LINGUÍSTICA,4793
2009,42,CIÊNCIAS AGRÁRIAS I,6973
2009,44,FILOSOFIA/TEOLOGIA:SUBCOMISSÃO TEOLOGIA,960
2009,45,INTERDISCIPLINAR,3126
2009,46,ENSINO,1756
2009,47,MATERIAIS,1100
2009,48,BIOTECNOLOGIA,2221
2010,1,MATEMÁTICA / PROBABILIDADE E ESTATÍSTICA,1913
2010,2,CIÊNCIA DA COMPUTAÇÃO,4157
2010,3,ASTRONOMIA / FÍSICA,3271
2010,4,QUÍMICA,5246
2010,5,GEOCIÊNCIAS,3123
2010,6,CIÊNCIAS BIOLÓGICAS I,4469
2010,7,BIODIVERSIDADE,5000
2010,8,CIÊNCIAS BIOLÓGICAS II,4992
2010,9,CIÊNCIAS BIOLÓGICAS III,2289
2010,10,ENGENHARIAS I,5027
2010,11,ARTES / MÚSICA,1900
2010,12,ENGENHARIAS II,5962
2010,13,ENGENHARIAS III,5900
2010,14,ENGENHARIAS IV,5353
2010,15,MEDICINA I,5719
2010,16,MEDICINA II,5244
2010,17,MEDICINA III,2447
2010,18,ODONTOLOGIA,3898
2010,19,FARMÁCIA,2982
2010,20,ENFERMAGEM,3535
2010,21,EDUCAÇÃO FÍSICA,2861
2010,22,SAÚDE COLETIVA,3813
2010,23,ZOOTECNIA / RECURSOS PESQUEIROS,4076
2010,24,MEDICINA VETERINÁRIA,4551
2010,25,CIÊNCIA DE ALIMENTOS,2944
2010,26,DIREITO,5570
2010,27,"ADMINISTRAÇÃO, CIÊNCIAS CONTÁBEIS E TURISMO",4147
2010,28,ECONOMIA,2474
2010,29,ARQUITETURA E URBANISMO,2514
2010,30,PLANEJAMENTO URBANO E REGIONAL / DEMOGRAFIA,1402
2010,31,CIÊNCIAS SOCIAIS APLICADAS I,2696
2010,32,SERVIÇO SOCIAL,1954
2010,33,FILOSOFIA / TEOLOGIA:SUBCOMISSÃO FILOSOFIA,1880
2010,34,SOCIOLOGIA,3138
2010,35,ANTROPOLOGIA / ARQUEOLOGIA,1385
2010,36,GEOGRAFIA,3290
2010,37,PSICOLOGIA,4534
2010,38,EDUCAÇÃO,7251
2010,39,CIÊNCIA POLÍTICA E RELAÇÕES INTERNACIONAIS,1142
2010,40,HISTÓRIA,4009
2010,41,LETRAS / LINGUÍSTICA,4972
2010,42,CIÊNCIAS AGRÁRIAS I,7272
2010,44,FILOSOFIA/TEOLOGIA:SUBCOMISSÃO TEOLOGIA,1102
2010,45,INTERDISCIPLINAR,3086
2010,46,ENSINO,2044
2010,47,MATERIAIS,1392
2010,48,BIOTECNOLOGIA,2345
2010,49,CIÊNCIAS AMBIENTAIS,2178
2010,50,NUTRIÇÃO,1291
2011,1,MATEMÁTICA / PROBABILIDADE E ESTATÍSTICA,2016
2011,2,CIÊNCIA DA COMPUTAÇÃO,4598
2011,3,ASTRONOMIA / FÍSICA,3506
2011,4,QUÍMICA,5487
2011,5,GEOCIÊNCIAS,3201
2011,6,CIÊNCIAS BIOLÓGICAS I,4944
2011,7,BIODIVERSIDADE,5335
2011,8,CIÊNCIAS BIOLÓGICAS II,5295
2011,9,CIÊNCIAS BIOLÓGICAS III,2571
2011,10,ENGENHARIAS I,5184
2011,11,ARTES / MÚSICA,2038
2011,12,ENGENHARIAS II,6466
2011,13,ENGENHARIAS III,6027
2011,14,ENGENHARIAS IV,5550
2011,15,MEDICINA I,5885
2011,16,MEDICINA II,5581
2011,17,MEDICINA III,2551
2011,18,ODONTOLOGIA,4321
2011,19,FARMÁCIA,3416
2011,20,ENFERMAGEM,4011
2011,21,EDUCAÇÃO FÍSICA,3059
2011,22,SAÚDE COLETIVA,4104
2011,23,ZOOTECNIA / RECURSOS PESQUEIROS,4447
2011,24,MEDICINA VETERINÁRIA,4910
2011,25,CIÊNCIA DE ALIMENTOS,3163
2011,26,DIREITO,5801
2011,27,"ADMINISTRAÇÃO, CIÊNCIAS CONTÁBEIS E TURISMO",4410
2011,28,ECONOMIA,2575
2011,29,ARQUITETURA E URBANISMO,2704
2011,30,PLANEJAMENTO URBANO E REGIONAL / DEMOGRAFIA,1523
2011,31,CIÊNCIAS SOCIAIS APLICADAS I,2937
2011,32,SERVIÇO SOCIAL,2009
2011,33,FILOSOFIA / TEOLOGIA:SUBCOMISSÃO FILOSOFIA,2028
2011,34,SOCIOLOGIA,3377
2011,35,ANTROPOLOGIA / ARQUEOLOGIA,1449
2011,36,GEOGRAFIA,3466
2011,37,PSICOLOGIA,4774
2011,38,EDUCAÇÃO,7444
2011,39,CIÊNCIA POLÍTICA E RELAÇÕES INTERNACIONAIS,1228
2011,40,HISTÓRIA,4061
2011,41,LETRAS / LINGUÍSTICA,5312
2011,42,CIÊNCIAS AGRÁRIAS I,7813
2011,44,FILOSOFIA/TEOLOGIA:SUBCOMISSÃO TEOLOGIA,1186
2011,45,INTERDISCIPLINAR,3319
2011,46,ENSINO,2255
2011,47,MATERIAIS,1597
2011,48,BIOTECNOLOGIA,2626
2011,49,CIÊNCIAS AMBIENTAIS,2435
2011,50,NUTRIÇÃO,1356
2012,1,MATEMÁTICA / PROBABILIDADE E ESTATÍSTICA,2126
2012,2,CIÊNCIA DA COMPUTAÇÃO,4966
2012,3,ASTRONOMIA / FÍSICA,3719
2012,4,QUÍMICA,5810
2012,5,GEOCIÊNCIAS,3388
2012,6,CIÊNCIAS BIOLÓGICAS I,5489
2012,7,BIODIVERSIDADE,5734
2012,8,CIÊNCIAS BIOLÓGICAS II,5514
2012,9,CIÊNCIAS BIOLÓGICAS III,2769
2012,10,ENGENHARIAS I,5323
2012,11,ARTES / MÚSICA,2308
2012,12,ENGENHARIAS II,6705
2012,13,ENGENHARIAS III,6585
2012,14,ENGENHARIAS IV,5703
2012,15,MEDICINA I,6339
2012,16,MEDICINA II,5858
2012,17,MEDICINA III,2636
2012,18,ODONTOLOGIA,4656
2012,19,FARMÁCIA,3683
2012,20,ENFERMAGEM,4398
2012,21,EDUCAÇÃO FÍSICA,3438
2012,22,SAÚDE COLETIVA,4379
2012,23,ZOOTECNIA / RECURSOS PESQUEIROS,5006
2012,24,MEDICINA VETERINÁRIA,5421
2012,25,CIÊNCIA DE ALIMENTOS,3264
2012,26,DIREITO,6352
2012,27,"ADMINISTRAÇÃO, CIÊNCIAS CONTÁBEIS E TURISMO",4486
2012,28,ECONOMIA,2577
2012,29,ARQUITETURA E URBANISMO,3239
2012,30,PLANEJAMENTO URBANO E REGIONAL / DEMOGRAFIA,1554
2012,31,CIÊNCIAS SOCIAIS APLICADAS I,3138
2012,32,SERVIÇO SOCIAL,2077
2012,33,FILOSOFIA / TEOLOGIA:SUBCOMISSÃO FILOSOFIA,2125
2012,34,SOCIOLOGIA,3429
2012,35,ANTROPOLOGIA / ARQUEOLOGIA,1600
2012,36,GEOGRAFIA,3683
2012,37,PSICOLOGIA,4934
2012,38,EDUCAÇÃO,8107
2012,39,CIÊNCIA POLÍTICA E RELAÇÕES INTERNACIONAIS,1352
2012,40,HISTÓRIA,4247
2012,41,LETRAS / LINGUÍSTICA,5537
2012,42,CIÊNCIAS AGRÁRIAS I,8345
2012,44,FILOSOFIA/TEOLOGIA:SUBCOMISSÃO TEOLOGIA,1286
2012,45,INTERDISCIPLINAR,3733
2012,46,ENSINO,2523
2012,47,MATERIAIS,1787
2012,48,BIOTECNOLOGIA,2995
2012,49,CIÊNCIAS AMBIENTAIS,2800
2012,50,NUTRIÇÃO,1419
2013,1,MATEMÁTICA / PROBABILIDADE E ESTATÍSTICA,6862
2013,2,CIÊNCIA DA COMPUTAÇÃO,7890
2013,3,ASTRONOMIA / FÍSICA,4366
2013,4,QUÍMICA,7129
2013,5,GEOCIÊNCIAS,3643
2013,6,CIÊNCIAS BIOLÓGICAS I,4995
2013,7,BIODIVERSIDADE,8396
2013,8,CIÊNCIAS BIOLÓGICAS II,5395
2013,9,CIÊNCIAS BIOLÓGICAS III,2501
2013,10,ENGENHARIAS I,8044
2013,11,ARTES / MÚSICA,3514
2013,12,ENGENHARIAS II,8668
2013,13,ENGENHARIAS III,11494
2013,14,ENGENHARIAS IV,8903
2013,15,MEDICINA I,8278
2013,16,MEDICINA II,7193
2013,17,MEDICINA III,2703
2013,18,ODONTOLOGIA,6290
2013,19,FARMÁCIA,3734
2013,20,ENFERMAGEM,4605
2013,21,EDUCAÇÃO FÍSICA,3690
2013,22,SAÚDE COLETIVA,5391
2013,23,ZOOTECNIA / RECURSOS PESQUEIROS,4846
2013,24,MEDICINA VETERINÁRIA,5137
2013,25,CIÊNCIA DE ALIMENTOS,3316
2013,26,DIREITO,9558
2013,27,"ADMINISTRAÇÃO PÚBLICA E DE EMPRESAS, CIÊNCIAS CONTÁBEIS E TURISMO",10205
2013,28,ECONOMIA,4060
2013,29,"ARQUITETURA, URBANISMO E DESIGN",3459
2013,30,PLANEJAMENTO URBANO E REGIONAL / DEMOGRAFIA,2117
2013,31,COMUNICAÇÃO E INFORMAÇÃO,4390
2013,32,SERVIÇO SOCIAL,2126
2013,33,FILOSOFIA,2931
2013,34,SOCIOLOGIA,4835
2013,35,ANTROPOLOGIA / ARQUEOLOGIA,1824
2013,36,GEOGRAFIA,4578
2013,37,PSICOLOGIA,6793
2013,38,EDUCAÇÃO,16759
2013,39,CIÊNCIA POLÍTICA E RELAÇÕES INTERNACIONAIS,2087
2013,40,HISTÓRIA,5961
2013,41,LETRAS / LINGUÍSTICA,14652
2013,42,CIÊNCIAS AGRÁRIAS I,15215
2013,44,TEOLOGIA,1616
2013,45,INTERDISCIPLINAR,15036
2013,46,ENSINO,5469
2013,47,MATERIAIS,1914
2013,48,BIOTECNOLOGIA,3165
2013,49,CIÊNCIAS AMBIENTAIS,4564
2013,50,NUTRIÇÃO,1136
2014,1,MATEMÁTICA / PROBABILIDADE E ESTATÍSTICA,7090
2014,2,CIÊNCIA DA COMPUTAÇÃO,8409
2014,3,ASTRONOMIA / FÍSICA,4565
2014,4,QUÍMICA,7378
2014,5,GEOCIÊNCIAS,3777
2014,6,CIÊNCIAS BIOLÓGICAS I,4999
2014,7,BIODIVERSIDADE,8506
2014,8,CIÊNCIAS BIOLÓGICAS II,5496
2014,9,CIÊNCIAS BIOLÓGICAS III,2512
2014,10,ENGENHARIAS I,8666
2014,11,ARTES / MÚSICA,4003
2014,12,ENGENHARIAS II,9030
2014,13,ENGENHARIAS III,12390
2014,14,ENGENHARIAS IV,9064
2014,15,MEDICINA I,8550
2014,16,MEDICINA II,7408
2014,17,MEDICINA III,2782
2014,18,ODONTOLOGIA,6526
2014,19,FARMÁCIA,4011
2014,20,ENFERMAGEM,5030
2014,21,EDUCAÇÃO FÍSICA,4104
2014,22,SAÚDE COLETIVA,5635
2014,23,ZOOTECNIA / RECURSOS PESQUEIROS,4958
2014,24,MEDICINA VETERINÁRIA,5282
2014,25,CIÊNCIA DE ALIMENTOS,3383
2014,26,DIREITO,10316
2014,27,"ADMINISTRAÇÃO PÚBLICA E DE EMPRESAS, CIÊNCIAS CONTÁBEIS E TURISMO",11169
2014,28,ECONOMIA,4148
2014,29,"ARQUITETURA, URBANISMO E DESIGN",3807
2014,30,PLANEJAMENTO URBANO E REGIONAL / DEMOGRAFIA,2311
2014,31,COMUNICAÇÃO E INFORMAÇÃO,4750
2014,32,SERVIÇO SOCIAL,2210
2014,33,FILOSOFIA,3082
2014,34,SOCIOLOGIA,4920
2014,35,ANTROPOLOGIA / ARQUEOLOGIA,1950
2014,36,GEOGRAFIA,4877
2014,37,PSICOLOGIA,7026
2014,38,EDUCAÇÃO,17993
2014,39,CIÊNCIA POLÍTICA E RELAÇÕES INTERNACIONAIS,2280
2014,40,HISTÓRIA,6531
2014,41,LETRAS / LINGUÍSTICA,15159
2014,42,CIÊNCIAS AGRÁRIAS I,15786
2014,44,TEOLOGIA,1647
2014,45,INTERDISCIPLINAR,17019
2014,46,ENSINO,6528
2014,47,MATERIAIS,2073
2014,48,BIOTECNOLOGIA,3595
2014,49,CIÊNCIAS AMBIENTAIS,5176
2014,50,NUTRIÇÃO,1281
2015,1,MATEMÁTICA / PROBABILIDADE E ESTATÍSTICA,7225
2015,2,CIÊNCIA DA COMPUTAÇÃO,8882
2015,3,ASTRONOMIA / FÍSICA,4848
2015,4,QUÍMICA,7573
2015,5,GEOCIÊNCIAS,3989
2015,6,CIÊNCIAS BIOLÓGICAS I,5012
2015,7,BIODIVERSIDADE,8738
2015,8,CIÊNCIAS BIOLÓGICAS II,5743
2015,9,CIÊNCIAS BIOLÓGICAS III,2613
2015,10,ENGENHARIAS I,9230
2015,11,ARTES / MÚSICA,4318
2015,12,ENGENHARIAS II,9429
2015,13,ENGENHARIAS III,13159
2015,14,ENGENHARIAS IV,9316
2015,15,MEDICINA I,9095
2015,16,MEDICINA II,7644
2015,17,MEDICINA III,2938
2015,18,ODONTOLOGIA,6920
2015,19,FARMÁCIA,4276
2015,20,ENFERMAGEM,5434
2015,21,EDUCAÇÃO FÍSICA,4565
2015,22,SAÚDE COLETIVA,5880
2015,23,ZOOTECNIA / RECURSOS PESQUEIROS,4982
2015,24,MEDICINA VETERINÁRIA,5524
2015,25,CIÊNCIA DE ALIMENTOS,3514
2015,26,DIREITO,11208
2015,27,"ADMINISTRAÇÃO PÚBLICA E DE EMPRESAS, CIÊNCIAS CONTÁBEIS E TURISMO",12181
2015,28,ECONOMIA,4264
2015,29,"ARQUITETURA, URBANISMO E DESIGN",4215
2015,30,PLANEJAMENTO URBANO E REGIONAL / DEMOGRAFIA,2345
2015,31,COMUNICAÇÃO E INFORMAÇÃO,5134
2015,32,SERVIÇO SOCIAL,2255
2015,33,FILOSOFIA,3292
2015,34,SOCIOLOGIA,5012
2015,35,ANTROPOLOGIA / ARQUEOLOGIA,2061
2015,36,GEOGRAFIA,5248
2015,37,PSICOLOGIA,7386
2015,38,EDUCAÇÃO,19358
2015,39,CIÊNCIA POLÍTICA E RELAÇÕES INTERNACIONAIS,2506
2015,40,HISTÓRIA,6904
2015,41,LETRAS / LINGUÍSTICA,16492
2015,42,CIÊNCIAS AGRÁRIAS I,16237
2015,44,TEOLOGIA,1801
2015,45,INTERDISCIPLINAR,19073
2015,46,ENSINO,7770
2015,47,MATERIAIS,2198
2015,48,BIOTECNOLOGIA,3998
2015,49,CIÊNCIAS AMBIENTAIS,5999
2015,50,NUTRIÇÃO,1364
2016,1,MATEMÁTICA / PROBABILIDADE E ESTATÍSTICA,7132
2016,2,CIÊNCIA DA COMPUTAÇÃO,9264
2016,3,ASTRONOMIA / FÍSICA,5354
2016,4,QUÍMICA,7767
2016,5,GEOCIÊNCIAS,4184
2016,6,CIÊNCIAS BIOLÓGICAS I,5010
2016,7,BIODIVERSIDADE,8747
2016,8,CIÊNCIAS BIOLÓGICAS II,5869
2016,9,CIÊNCIAS BIOLÓGICAS III,2630
2016,10,ENGENHARIAS I,10020
2016,11,ARTES / MÚSICA,4788
2016,12,ENGENHARIAS II,10029
2016,13,ENGENHARIAS III,13635
2016,14,ENGENHARIAS IV,9899
2016,15,MEDICINA I,9560
2016,16,MEDICINA II,7883
2016,17,MEDICINA III,3076
2016,18,ODONTOLOGIA,7218
2016,19,FARMÁCIA,4448
2016,20,ENFERMAGEM,5730
2016,21,EDUCAÇÃO FÍSICA,5073
2016,22,SAÚDE COLETIVA,6106
2016,23,ZOOTECNIA / RECURSOS PESQUEIROS,5010
2016,24,MEDICINA VETERINÁRIA,5708
2016,25,CIÊNCIA DE ALIMENTOS,3681
2016,26,DIREITO,11857
2016,27,"ADMINISTRAÇÃO PÚBLICA E DE EMPRESAS, CIÊNCIAS CONTÁBEIS E TURISMO",13599
2016,28,ECONOMIA,4603
2016,29,"ARQUITETURA, URBANISMO E DESIGN",4617
2016,30,PLANEJAMENTO URBANO E REGIONAL / DEMOGRAFIA,2555
2016,31,COMUNICAÇÃO E INFORMAÇÃO,5525
2016,32,SERVIÇO SOCIAL,2284
2016,33,FILOSOFIA,3392
2016,34,SOCIOLOGIA,5069
2016,35,ANTROPOLOGIA / ARQUEOLOGIA,2162
2016,36,GEOGRAFIA,5452
2016,37,PSICOLOGIA,7758
2016,38,EDUCAÇÃO,20741
2016,39,CIÊNCIA POLÍTICA E RELAÇÕES INTERNACIONAIS,2778
2016,40,HISTÓRIA,7463
2016,41,LETRAS / LINGUÍSTICA,16986
2016,42,CIÊNCIAS AGRÁRIAS I,16681
2016,44,TEOLOGIA,1934
2016,45,INTERDISCIPLINAR,21312
2016,46,ENSINO,8714
2016,47,MATERIAIS,2388
2016,48,BIOTECNOLOGIA,4280
2016,49,CIÊNCIAS AMBIENTAIS,6876
2016,50,NUTRIÇÃO,1479
2017,1,MATEMÁTICA / PROBABILIDADE E ESTATÍSTICA,7342
2017,2,CIÊNCIA DA COMPUTAÇÃO,9241
2017,3,ASTRONOMIA / FÍSICA,5757
2017,4,QUÍMICA,7970
2017,5,GEOCIÊNCIAS,4393
2017,6,CIÊNCIAS BIOLÓGICAS I,5404
2017,7,BIODIVERSIDADE,8768
2017,8,CIÊNCIAS BIOLÓGICAS II,5987
2017,9,CIÊNCIAS BIOLÓGICAS III,2753
2017,10,ENGENHARIAS I,10513
2017,11,ARTES,4933
2017,12,ENGENHARIAS II,10226
2017,13,ENGENHARIAS III,13974
2017,14,ENGENHARIAS IV,10246
2017,15,MEDICINA I,9785
2017,16,MEDICINA II,8128
2017,17,MEDICINA III,3249
2017,18,ODONTOLOGIA,7691
2017,19,FARMÁCIA,4496
2017,20,ENFERMAGEM,6196
2017,21,EDUCAÇÃO FÍSICA,5477
2017,22,SAÚDE COLETIVA,6729
2017,23,ZOOTECNIA / RECURSOS PESQUEIROS,4985
2017,24,MEDICINA VETERINÁRIA,5972
2017,25,CIÊNCIA DE ALIMENTOS,3787
2017,26,DIREITO,12861
2017,27,"ADMINISTRAÇÃO PÚBLICA E DE EMPRESAS, CIÊNCIAS CONTÁBEIS E TURISMO",14748
2017,28,ECONOMIA,4769
2017,29,"ARQUITETURA, URBANISMO E DESIGN",4962
2017,30,PLANEJAMENTO URBANO E REGIONAL / DEMOGRAFIA,2714
2017,31,COMUNICAÇÃO E INFORMAÇÃO,5792
2017,32,SERVIÇO SOCIAL,2326
2017,33,FILOSOFIA,3548
2017,34,SOCIOLOGIA,5141
2017,35,ANTROPOLOGIA / ARQUEOLOGIA,2267
2017,36,GEOGRAFIA,5474
2017,37,PSICOLOGIA,8328
2017,38,EDUCAÇÃO,21568
2017,39,CIÊNCIA POLÍTICA E RELAÇÕES INTERNACIONAIS,3036
2017,40,HISTÓRIA,7431
2017,41,LINGUÍSTICA E LITERATURA,17553
2017,42,CIÊNCIAS AGRÁRIAS I,16672
2017,44,CIÊNCIAS DA RELIGIÃO E TEOLOGIA,1946
2017,45,INTERDISCIPLINAR,23144
2017,46,ENSINO,10332
2017,47,MATERIAIS,2550
2017,48,BIOTECNOLOGIA,4495
2017,49,CIÊNCIAS AMBIENTAIS,7608
2017,50,NUTRIÇÃO,1541
2018,1,MATEMÁTICA / PROBABILIDADE E ESTATÍSTICA,7590
2018,2,CIÊNCIA DA COMPUTAÇÃO,9340
2018,3,ASTRONOMIA / FÍSICA,6051
2018,4,QUÍMICA,8201
2018,5,GEOCIÊNCIAS,4440
2018,6,CIÊNCIAS BIOLÓGICAS I,5734
2018,7,BIODIVERSIDADE,8703
2018,8,CIÊNCIAS BIOLÓGICAS II,6062
2018,9,CIÊNCIAS BIOLÓGICAS III,2797
2018,10,ENGENHARIAS I,10906
2018,11,ARTES,5272
2018,12,ENGENHARIAS II,10332
2018,13,ENGENHARIAS III,13495
2018,14,ENGENHARIAS IV,10597
2018,15,MEDICINA I,10010
2018,16,MEDICINA II,8331
2018,17,MEDICINA III,3372
2018,18,ODONTOLOGIA,8015
2018,19,FARMÁCIA,4592
2018,20,ENFERMAGEM,6331
2018,21,EDUCAÇÃO FÍSICA,6034
2018,22,SAÚDE COLETIVA,7275
2018,23,ZOOTECNIA / RECURSOS PESQUEIROS,4812
2018,24,MEDICINA VETERINÁRIA,6166
2018,25,CIÊNCIA DE ALIMENTOS,3899
2018,26,DIREITO,13820
2018,27,"ADMINISTRAÇÃO PÚBLICA E DE EMPRESAS, CIÊNCIAS CONTÁBEIS E TURISMO",15283
2018,28,ECONOMIA,4947
2018,29,"ARQUITETURA, URBANISMO E DESIGN",5215
2018,30,PLANEJAMENTO URBANO E REGIONAL / DEMOGRAFIA,2791
2018,31,COMUNICAÇÃO E INFORMAÇÃO,6217
2018,32,SERVIÇO SOCIAL,2384
2018,33,FILOSOFIA,3840
2018,34,SOCIOLOGIA,4977
2018,35,ANTROPOLOGIA / ARQUEOLOGIA,2442
2018,36,GEOGRAFIA,5651
2018,37,PSICOLOGIA,8643
2018,38,EDUCAÇÃO,22495
2018,39,CIÊNCIA POLÍTICA E RELAÇÕES INTERNACIONAIS,3489
2018,40,HISTÓRIA,8066
2018,41,LINGUÍSTICA E LITERATURA,18712
2018,42,CIÊNCIAS AGRÁRIAS I,16713
2018,44,CIÊNCIAS DA RELIGIÃO E TEOLOGIA,1850
2018,45,INTERDISCIPLINAR,24914
2018,46,ENSINO,12165
2018,47,MATERIAIS,2603
2018,48,BIOTECNOLOGIA,4524
2018,49,CIÊNCIAS AMBIENTAIS,8408
2018,50,NUTRIÇÃO,1731
2019,1,MATEMÁTICA / PROBABILIDADE E ESTATÍSTICA,7629
2019,2,CIÊNCIA DA COMPUTAÇÃO,9610
2019,3,ASTRONOMIA / FÍSICA,6053
2019,4,QUÍMICA,8160
2019,5,GEOCIÊNCIAS,4431
2019,6,CIÊNCIAS BIOLÓGICAS I,5596
2019,7,BIODIVERSIDADE,8675
2019,8,CIÊNCIAS BIOLÓGICAS II,6158
2019,9,CIÊNCIAS BIOLÓGICAS III,2791
2019,10,ENGENHARIAS I,11221
2019,11,ARTES,5413
2019,12,ENGENHARIAS II,10241
2019,13,ENGENHARIAS III,13245
2019,14,ENGENHARIAS IV,10603
2019,15,MEDICINA I,10139
2019,16,MEDICINA II,8255
2019,17,MEDICINA III,3335
2019,18,ODONTOLOGIA,8199
2019,19,FARMÁCIA,4601
2019,20,ENFERMAGEM,6529
2019,21,EDUCAÇÃO FÍSICA,6318
2019,22,SAÚDE COLETIVA,7856
2019,23,ZOOTECNIA / RECURSOS PESQUEIROS,4766
2019,24,MEDICINA VETERINÁRIA,6319
2019,25,CIÊNCIA DE ALIMENTOS,3869
2019,26,DIREITO,14902
2019,27,"ADMINISTRAÇÃO PÚBLICA E DE EMPRESAS, CIÊNCIAS CONTÁBEIS E TURISMO",15502
2019,28,ECONOMIA,5061
2019,29,"ARQUITETURA, URBANISMO E DESIGN",5521
2019,30,PLANEJAMENTO URBANO E REGIONAL / DEMOGRAFIA,2916
2019,31,COMUNICAÇÃO E INFORMAÇÃO,6617
2019,32,SERVIÇO SOCIAL,2544
2019,33,FILOSOFIA,4216
2019,34,SOCIOLOGIA,5120
2019,35,ANTROPOLOGIA / ARQUEOLOGIA,2616
2019,36,GEOGRAFIA,5956
2019,37,PSICOLOGIA,8990
2019,38,EDUCAÇÃO,23490
2019,39,CIÊNCIA POLÍTICA E RELAÇÕES INTERNACIONAIS,3812
2019,40,HISTÓRIA,8576
2019,41,LINGUÍSTICA E LITERATURA,19321
2019,42,CIÊNCIAS AGRÁRIAS I,16377
2019,44,CIÊNCIAS DA RELIGIÃO E TEOLOGIA,1740
2019,45,INTERDISCIPLINAR,25848
2019,46,ENSINO,14323
2019,47,MATERIAIS,2772
2019,48,BIOTECNOLOGIA,4497
2019,49,CIÊNCIAS AMBIENTAIS,8790
2019,50,NUTRIÇÃO,1857
2020,1,MATEMÁTICA / PROBABILIDADE E ESTATÍSTICA,5986
2020,2,CIÊNCIA DA COMPUTAÇÃO,9743
2020,3,ASTRONOMIA / FÍSICA,6142
2020,4,QUÍMICA,8003
2020,5,GEOCIÊNCIAS,4298
2020,6,CIÊNCIAS BIOLÓGICAS I,5628
2020,7,BIODIVERSIDADE,8389
2020,8,CIÊNCIAS BIOLÓGICAS II,6013
2020,9,CIÊNCIAS BIOLÓGICAS III,2803
2020,10,ENGENHARIAS I,11026
2020,11,ARTES,5556
2020,12,ENGENHARIAS II,9675
2020,13,ENGENHARIAS III,12520
2020,14,ENGENHARIAS IV,10283
2020,15,MEDICINA I,9918
2020,16,MEDICINA II,8276
2020,17,MEDICINA III,3436
2020,18,ODONTOLOGIA,8114
2020,19,FARMÁCIA,4652
2020,20,ENFERMAGEM,6676
2020,21,EDUCAÇÃO FÍSICA,6457
2020,22,SAÚDE COLETIVA,8150
2020,23,ZOOTECNIA / RECURSOS PESQUEIROS,4453
2020,24,MEDICINA VETERINÁRIA,6109
2020,25,CIÊNCIA DE ALIMENTOS,3786
2020,26,DIREITO,16218
2020,27,"ADMINISTRAÇÃO PÚBLICA E DE EMPRESAS, CIÊNCIAS CONTÁBEIS E TURISMO",14904
2020,28,ECONOMIA,5085
2020,29,"ARQUITETURA, URBANISMO E DESIGN",5555
2020,30,PLANEJAMENTO URBANO E REGIONAL / DEMOGRAFIA,2953
2020,31,COMUNICAÇÃO E INFORMAÇÃO,6576
2020,32,SERVIÇO SOCIAL,2551
2020,33,FILOSOFIA,4278
2020,34,SOCIOLOGIA,5034
2020,35,ANTROPOLOGIA / ARQUEOLOGIA,2705
2020,36,GEOGRAFIA,6089
2020,37,PSICOLOGIA,8882
2020,38,EDUCAÇÃO,23380
2020,39,CIÊNCIA POLÍTICA E RELAÇÕES INTERNACIONAIS,3844
2020,40,HISTÓRIA,9099
2020,41,LINGUÍSTICA E LITERATURA,18692
2020,42,CIÊNCIAS AGRÁRIAS I,15521
2020,44,CIÊNCIAS DA RELIGIÃO E TEOLOGIA,1709
2020,45,INTERDISCIPLINAR,25909
2020,46,ENSINO,14308
2020,47,MATERIAIS,2817
2020,48,BIOTECNOLOGIA,4353
2020,49,CIÊNCIAS AMBIENTAIS,8692
2020,50,NUTRIÇÃO,1931
2021,1,MATEMÁTICA / PROBABILIDADE E ESTATÍSTICA,6333
2021,2,CIÊNCIA DA COMPUTAÇÃO,10391
2021,3,ASTRONOMIA / FÍSICA,5850
2021,4,QUÍMICA,8059
2021,5,GEOCIÊNCIAS,4325
2021,6,CIÊNCIAS BIOLÓGICAS I,5352
2021,7,BIODIVERSIDADE,8523
2021,8,CIÊNCIAS BIOLÓGICAS II,6155
2021,9,CIÊNCIAS BIOLÓGICAS III,2816
2021,10,ENGENHARIAS I,11286
2021,11,ARTES,6470
2021,12,ENGENHARIAS II,9841
2021,13,ENGENHARIAS III,12771
2021,14,ENGENHARIAS IV,10005
2021,15,MEDICINA I,10353
2021,16,MEDICINA II,8615
2021,17,MEDICINA III,3606
2021,18,ODONTOLOGIA,8114
2021,19,FARMÁCIA,4857
2021,20,ENFERMAGEM,7148
2021,21,EDUCAÇÃO FÍSICA,6916
2021,22,SAÚDE COLETIVA,8909
2021,23,ZOOTECNIA / RECURSOS PESQUEIROS,4372
2021,24,MEDICINA VETERINÁRIA,6162
2021,25,CIÊNCIA DE ALIMENTOS,3877
2021,26,DIREITO,18022
2021,27,"ADMINISTRAÇÃO PÚBLICA E DE EMPRESAS, CIÊNCIAS CONTÁBEIS E TURISMO",16283
2021,28,ECONOMIA,5428
2021,29,"ARQUITETURA, URBANISMO E DESIGN",5807
2021,30,PLANEJAMENTO URBANO E REGIONAL / DEMOGRAFIA,3232
2021,31,COMUNICAÇÃO E INFORMAÇÃO,7097
2021,32,SERVIÇO SOCIAL,2791
2021,33,FILOSOFIA,4816
2021,34,SOCIOLOGIA,5375
2021,35,ANTROPOLOGIA / ARQUEOLOGIA,2963
2021,36,GEOGRAFIA,6678
2021,37,PSICOLOGIA,9761
2021,38,EDUCAÇÃO,25216
2021,39,CIÊNCIA POLÍTICA E RELAÇÕES INTERNACIONAIS,4370
2021,40,HISTÓRIA,9494
2021,41,LINGUÍSTICA E LITERATURA,20220
2021,42,CIÊNCIAS AGRÁRIAS I,15566
2021,44,CIÊNCIAS DA RELIGIÃO E TEOLOGIA,1833
2021,45,INTERDISCIPLINAR,28058
2021,46,ENSINO,16355
2021,47,MATERIAIS,2965
2021,48,BIOTECNOLOGIA,4440
2021,49,CIÊNCIAS AMBIENTAIS,9480
2021,50,NUTRIÇÃO,2108
2022,1,MATEMÁTICA / PROBABILIDADE E ESTATÍSTICA,6499
2022,2,CIÊNCIA DA COMPUTAÇÃO,10458
2022,3,ASTRONOMIA / FÍSICA,5969
2022,4,QUÍMICA,7971
2022,5,GEOCIÊNCIAS,4243
2022,6,CIÊNCIAS BIOLÓGICAS I,5622
2022,7,BIODIVERSIDADE,8545
2022,8,CIÊNCIAS BIOLÓGICAS II,6111
2022,9,CIÊNCIAS BIOLÓGICAS III,2831
2022,10,ENGENHARIAS I,11086
2022,11,ARTES,6914
2022,12,ENGENHARIAS II,9586
2022,13,ENGENHARIAS III,12315
2022,14,ENGENHARIAS IV,9674
2022,15,MEDICINA I,10294
2022,16,MEDICINA II,8772
2022,17,MEDICINA III,3504
2022,18,ODONTOLOGIA,8163
2022,19,FARMÁCIA,4867
2022,20,ENFERMAGEM,7319
2022,21,EDUCAÇÃO FÍSICA,7360
2022,22,SAÚDE COLETIVA,9048
2022,23,ZOOTECNIA / RECURSOS PESQUEIROS,4168
2022,24,MEDICINA VETERINÁRIA,6209
2022,25,CIÊNCIA DE ALIMENTOS,3832
2022,26,DIREITO,18886
2022,27,"ADMINISTRAÇÃO PÚBLICA E DE EMPRESAS, CIÊNCIAS CONTÁBEIS E TURISMO",16661
2022,28,ECONOMIA,5524
2022,29,"ARQUITETURA, URBANISMO E DESIGN",5895
2022,30,PLANEJAMENTO URBANO E REGIONAL / DEMOGRAFIA,3316
2022,31,COMUNICAÇÃO E INFORMAÇÃO,7019
2022,32,SERVIÇO SOCIAL,2893
2022,33,FILOSOFIA,4862
2022,34,SOCIOLOGIA,5332
2022,35,ANTROPOLOGIA / ARQUEOLOGIA,3108
2022,36,GEOGRAFIA,7034
2022,37,PSICOLOGIA,9991
2022,38,EDUCAÇÃO,26845
2022,39,CIÊNCIA POLÍTICA E RELAÇÕES INTERNACIONAIS,4533
2022,40,HISTÓRIA,9988
2022,41,LINGUÍSTICA E LITERATURA,20670
2022,42,CIÊNCIAS AGRÁRIAS I,14803
2022,44,CIÊNCIAS DA RELIGIÃO E TEOLOGIA,1764
2022,45,INTERDISCIPLINAR,28805
2022,46,ENSINO,17283
2022,47,MATERIAIS,2999
2022,48,BIOTECNOLOGIA,4383
2022,49,CIÊNCIAS AMBIENTAIS,9793
2022,50,NUTRIÇÃO,2136
2023,1,MATEMÁTICA / PROBABILIDADE E ESTATÍSTICA,6804
2023,2,CIÊNCIA DA COMPUTAÇÃO,10668
2023,3,ASTRONOMIA / FÍSICA,5946
2023,4,QUÍMICA,7709
2023,5,GEOCIÊNCIAS,4169
2023,6,CIÊNCIAS BIOLÓGICAS I,5400
2023,7,BIODIVERSIDADE,8633
2023,8,CIÊNCIAS BIOLÓGICAS II,6136
2023,9,CIÊNCIAS BIOLÓGICAS III,2846
2023,10,ENGENHARIAS I,10665
2023,11,ARTES,7206
2023,12,ENGENHARIAS II,9326
2023,13,ENGENHARIAS III,11867
2023,14,ENGENHARIAS IV,9143
2023,15,MEDICINA I,10306
2023,16,MEDICINA II,8587
2023,17,MEDICINA III,3631
2023,18,ODONTOLOGIA,8292
2023,19,FARMÁCIA,4853
2023,20,ENFERMAGEM,7362
2023,21,EDUCAÇÃO FÍSICA,7839
2023,22,SAÚDE COLETIVA,8885
2023,23,ZOOTECNIA / RECURSOS PESQUEIROS,4038
2023,24,MEDICINA VETERINÁRIA,6214
2023,25,CIÊNCIA DE ALIMENTOS,3729
2023,26,DIREITO,19472
2023,27,"ADMINISTRAÇÃO PÚBLICA E DE EMPRESAS, CIÊNCIAS CONTÁBEIS E TURISMO",16770
2023,28,ECONOMIA,5432
2023,29,"ARQUITETURA, URBANISMO E DESIGN",6014
2023,30,PLANEJAMENTO URBANO E REGIONAL / DEMOGRAFIA,3535
2023,31,COMUNICAÇÃO E INFORMAÇÃO,6992
2023,32,SERVIÇO SOCIAL,2963
2023,33,FILOSOFIA,5257
2023,34,SOCIOLOGIA,5399
2023,35,ANTROPOLOGIA / ARQUEOLOGIA,3036
2023,36,GEOGRAFIA,7100
2023,37,PSICOLOGIA,10070
2023,38,EDUCAÇÃO,27517
2023,39,CIÊNCIA POLÍTICA E RELAÇÕES INTERNACIONAIS,4671
2023,40,HISTÓRIA,10186
2023,41,LINGUÍSTICA E LITERATURA,20924
2023,42,CIÊNCIAS AGRÁRIAS I,14704
2023,44,CIÊNCIAS DA RELIGIÃO E TEOLOGIA,1782
2023,45,INTERDISCIPLINAR,29586
2023,46,ENSINO,18121
2023,47,MATERIAIS,3017
2023,48,BIOTECNOLOGIA,4491
2023,49,CIÊNCIAS AMBIENTAIS,9968
2023,50,NUTRIÇÃO,2240
2024,1,MATEMÁTICA / PROBABILIDADE E ESTATÍSTICA,3802
2024,2,COMPUTAÇÃO,11382
2024,3,ASTRONOMIA / FÍSICA,4518
2024,4,QUÍMICA,7170
2024,5,GEOCIÊNCIAS,4082
2024,6,CIÊNCIAS BIOLÓGICAS I,4629
2024,7,BIODIVERSIDADE,8626
2024,8,CIÊNCIAS BIOLÓGICAS II,6205
2024,9,CIÊNCIAS BIOLÓGICAS III,2849
2024,10,ENGENHARIAS I,10488
2024,11,ARTES,6595
2024,12,ENGENHARIAS II,8862
2024,13,ENGENHARIAS III,11748
2024,14,ENGENHARIAS IV,9311
2024,15,MEDICINA I,10371
2024,16,MEDICINA II,8565
2024,17,MEDICINA III,3482
2024,18,ODONTOLOGIA,8471
2024,19,FARMÁCIA,4881
2024,20,ENFERMAGEM,7259
2024,21,"EDUCAÇÃO FÍSICA, FISIOTERAPIA, FONOAUDIOLOGIA E TERAPIA OCUPACIONAL",7219
2024,22,SAÚDE COLETIVA,9643
2024,23,ZOOTECNIA / RECURSOS PESQUEIROS,3982
2024,24,MEDICINA VETERINÁRIA,6425
2024,25,CIÊNCIA DE ALIMENTOS,3613
2024,26,DIREITO,19502
2024,27,"ADMINISTRAÇÃO PÚBLICA E DE EMPRESAS, CIÊNCIAS CONTÁBEIS E TURISMO",15843
2024,28,ECONOMIA,5399
2024,29,"ARQUITETURA, URBANISMO E DESIGN",6019
2024,30,PLANEJAMENTO URBANO E REGIONAL / DEMOGRAFIA,3621
2024,31,COMUNICAÇÃO E INFORMAÇÃO,6982
2024,32,SERVIÇO SOCIAL,3035
2024,33,FILOSOFIA,4630
2024,34,SOCIOLOGIA,4957
2024,35,ANTROPOLOGIA / ARQUEOLOGIA,3115
2024,36,GEOGRAFIA,6953
2024,37,PSICOLOGIA,9992
2024,38,EDUCAÇÃO,27139
2024,39,CIÊNCIA POLÍTICA E RELAÇÕES INTERNACIONAIS,5125
2024,40,HISTÓRIA,8491
2024,41,LINGUÍSTICA E LITERATURA,19032
2024,42,CIÊNCIAS AGRÁRIAS I,14457
2024,44,CIÊNCIAS DA RELIGIÃO E TEOLOGIA,1827
2024,45,INTERDISCIPLINAR,31190
2024,46,ENSINO,17698
2024,47,MATERIAIS,3102
2024,48,BIOTECNOLOGIA,4532
2024,49,CIÊNCIAS AMBIENTAIS,9599
2024,50,NUTRIÇÃO,2217
2024,51,CIÊNCIAS E HUMANIDADES PARA A EDUCAÇÃO BÁSICA,14682
