AN_BASE,CD_AREA_AVALIACAO,NM_AREA_AVALIACAO,CONTAGEM_EGRESSOS_ID_PESSOA,CONTAGEM_EGRESSOS_ID_PESSOA_PROGRAMA
2004,1,MATEMÁTICA / PROBABILIDADE E ESTATÍSTICA,317,317
2004,2,CIÊNCIA DA COMPUTAÇÃO,833,833
2004,3,ASTRONOMIA / FÍSICA,452,452
2004,4,QUÍMICA,678,678
2004,5,GEOCIÊNCIAS,430,430
2004,6,CIÊNCIAS BIOLÓGICAS I,1126,1126
2004,7,BIODIVERSIDADE,285,285
2004,8,CIÊNCIAS BIOLÓGICAS II,975,975
2004,9,CIÊNCIAS BIOLÓGICAS III,284,284
2004,10,ENGENHARIAS I,1169,1169
2004,11,ARTES / MÚSICA,353,354
2004,12,ENGENHARIAS II,953,953
2004,13,ENGENHARIAS III,1694,1696
2004,14,ENGENHARIAS IV,1123,1123
2004,15,MEDICINA I,785,785
2004,16,MEDICINA II,1001,1001
2004,17,MEDICINA III,585,585
2004,18,ODONTOLOGIA,846,847
2004,19,FARMÁCIA,324,324
2004,20,ENFERMAGEM,460,460
2004,21,EDUCAÇÃO FÍSICA,469,469
2004,22,SAÚDE COLETIVA,727,727
2004,23,ZOOTECNIA / RECURSOS PESQUEIROS,470,470
2004,24,MEDICINA VETERINÁRIA,537,537
2004,25,CIÊNCIA DE ALIMENTOS,422,422
2004,26,DIREITO,1822,1823
2004,27,"ADMINISTRAÇÃO, CIÊNCIAS CONTÁBEIS E TURISMO",1488,1488
2004,28,ECONOMIA,591,591
2004,29,ARQUITETURA E URBANISMO,316,316
2004,30,PLANEJAMENTO URBANO E REGIONAL / DEMOGRAFIA,164,164
2004,31,CIÊNCIAS SOCIAIS APLICADAS I,623,623
2004,32,SERVIÇO SOCIAL,260,260
2004,33,FILOSOFIA / TEOLOGIA:SUBCOMISSÃO FILOSOFIA,294,294
2004,34,SOCIOLOGIA,615,615
2004,35,ANTROPOLOGIA / ARQUEOLOGIA,160,160
2004,36,GEOGRAFIA,438,438
2004,37,PSICOLOGIA,923,923
2004,38,EDUCAÇÃO,2271,2272
2004,39,CIÊNCIA POLÍTICA E RELAÇÕES INTERNACIONAIS,203,203
2004,40,HISTÓRIA,624,624
2004,41,LETRAS / LINGUÍSTICA,1788,1788
2004,42,CIÊNCIAS AGRÁRIAS I,1765,1765
2004,44,FILOSOFIA/TEOLOGIA:SUBCOMISSÃO TEOLOGIA,155,155
2004,45,INTERDISCIPLINAR,1338,1338
2004,46,ENSINO,222,222
2005,1,MATEMÁTICA / PROBABILIDADE E ESTATÍSTICA,399,399
2005,2,CIÊNCIA DA COMPUTAÇÃO,879,879
2005,3,ASTRONOMIA / FÍSICA,447,447
2005,4,QUÍMICA,868,868
2005,5,GEOCIÊNCIAS,452,452
2005,6,CIÊNCIAS BIOLÓGICAS I,1375,1375
2005,7,BIODIVERSIDADE,286,286
2005,8,CIÊNCIAS BIOLÓGICAS II,990,990
2005,9,CIÊNCIAS BIOLÓGICAS III,347,347
2005,10,ENGENHARIAS I,1427,1427
2005,11,ARTES / MÚSICA,393,393
2005,12,ENGENHARIAS II,1067,1067
2005,13,ENGENHARIAS III,1729,1730
2005,14,ENGENHARIAS IV,1199,1199
2005,15,MEDICINA I,945,945
2005,16,MEDICINA II,1161,1161
2005,17,MEDICINA III,621,621
2005,18,ODONTOLOGIA,1152,1152
2005,19,FARMÁCIA,336,336
2005,20,ENFERMAGEM,469,469
2005,21,EDUCAÇÃO FÍSICA,462,462
2005,22,SAÚDE COLETIVA,819,819
2005,23,ZOOTECNIA / RECURSOS PESQUEIROS,536,536
2005,24,MEDICINA VETERINÁRIA,684,684
2005,25,CIÊNCIA DE ALIMENTOS,410,410
2005,26,DIREITO,1804,1805
2005,27,"ADMINISTRAÇÃO, CIÊNCIAS CONTÁBEIS E TURISMO",1606,1606
2005,28,ECONOMIA,620,620
2005,29,ARQUITETURA E URBANISMO,416,416
2005,30,PLANEJAMENTO URBANO E REGIONAL / DEMOGRAFIA,190,190
2005,31,CIÊNCIAS SOCIAIS APLICADAS I,731,731
2005,32,SERVIÇO SOCIAL,300,300
2005,33,FILOSOFIA / TEOLOGIA:SUBCOMISSÃO FILOSOFIA,329,329
2005,34,SOCIOLOGIA,686,686
2005,35,ANTROPOLOGIA / ARQUEOLOGIA,176,176
2005,36,GEOGRAFIA,525,525
2005,37,PSICOLOGIA,1125,1125
2005,38,EDUCAÇÃO,2496,2496
2005,39,CIÊNCIA POLÍTICA E RELAÇÕES INTERNACIONAIS,263,263
2005,40,HISTÓRIA,730,730
2005,41,LETRAS / LINGUÍSTICA,1950,1950
2005,42,CIÊNCIAS AGRÁRIAS I,1904,1904
2005,44,FILOSOFIA/TEOLOGIA:SUBCOMISSÃO TEOLOGIA,193,193
2005,45,INTERDISCIPLINAR,1764,1764
2005,46,ENSINO,326,326
2006,1,MATEMÁTICA / PROBABILIDADE E ESTATÍSTICA,398,398
2006,2,CIÊNCIA DA COMPUTAÇÃO,846,846
2006,3,ASTRONOMIA / FÍSICA,490,490
2006,4,QUÍMICA,758,758
2006,5,GEOCIÊNCIAS,507,507
2006,6,CIÊNCIAS BIOLÓGICAS I,1429,1429
2006,7,BIODIVERSIDADE,357,357
2006,8,CIÊNCIAS BIOLÓGICAS II,969,969
2006,9,CIÊNCIAS BIOLÓGICAS III,359,359
2006,10,ENGENHARIAS I,1230,1230
2006,11,ARTES / MÚSICA,412,412
2006,12,ENGENHARIAS II,1028,1029
2006,13,ENGENHARIAS III,1807,1807
2006,14,ENGENHARIAS IV,1359,1360
2006,15,MEDICINA I,1075,1075
2006,16,MEDICINA II,1185,1185
2006,17,MEDICINA III,719,719
2006,18,ODONTOLOGIA,1112,1112
2006,19,FARMÁCIA,357,357
2006,20,ENFERMAGEM,499,499
2006,21,EDUCAÇÃO FÍSICA,497,497
2006,22,SAÚDE COLETIVA,740,740
2006,23,ZOOTECNIA / RECURSOS PESQUEIROS,547,547
2006,24,MEDICINA VETERINÁRIA,734,734
2006,25,CIÊNCIA DE ALIMENTOS,415,415
2006,26,DIREITO,1942,1942
2006,27,"ADMINISTRAÇÃO, CIÊNCIAS CONTÁBEIS E TURISMO",1873,1875
2006,28,ECONOMIA,701,701
2006,29,ARQUITETURA E URBANISMO,482,482
2006,30,PLANEJAMENTO URBANO E REGIONAL / DEMOGRAFIA,198,198
2006,31,CIÊNCIAS SOCIAIS APLICADAS I,643,643
2006,32,SERVIÇO SOCIAL,349,350
2006,33,FILOSOFIA / TEOLOGIA:SUBCOMISSÃO FILOSOFIA,339,339
2006,34,SOCIOLOGIA,693,693
2006,35,ANTROPOLOGIA / ARQUEOLOGIA,209,209
2006,36,GEOGRAFIA,581,581
2006,37,PSICOLOGIA,1055,1055
2006,38,EDUCAÇÃO,2681,2681
2006,39,CIÊNCIA POLÍTICA E RELAÇÕES INTERNACIONAIS,269,270
2006,40,HISTÓRIA,819,819
2006,41,LETRAS / LINGUÍSTICA,2134,2134
2006,42,CIÊNCIAS AGRÁRIAS I,2074,2074
2006,44,FILOSOFIA/TEOLOGIA:SUBCOMISSÃO TEOLOGIA,233,233
2006,45,INTERDISCIPLINAR,1875,1875
2006,46,ENSINO,422,422
2007,1,MATEMÁTICA / PROBABILIDADE E ESTATÍSTICA,392,392
2007,2,CIÊNCIA DA COMPUTAÇÃO,824,824
2007,3,ASTRONOMIA / FÍSICA,438,438
2007,4,QUÍMICA,858,868
2007,5,GEOCIÊNCIAS,488,488
2007,6,CIÊNCIAS BIOLÓGICAS I,1379,1379
2007,7,BIODIVERSIDADE,366,366
2007,8,CIÊNCIAS BIOLÓGICAS II,904,904
2007,9,CIÊNCIAS BIOLÓGICAS III,344,344
2007,10,ENGENHARIAS I,1301,1301
2007,11,ARTES / MÚSICA,507,507
2007,12,ENGENHARIAS II,1030,1030
2007,13,ENGENHARIAS III,1665,1665
2007,14,ENGENHARIAS IV,1193,1193
2007,15,MEDICINA I,1143,1143
2007,16,MEDICINA II,1315,1315
2007,17,MEDICINA III,557,557
2007,18,ODONTOLOGIA,1058,1058
2007,19,FARMÁCIA,404,404
2007,20,ENFERMAGEM,594,594
2007,21,EDUCAÇÃO FÍSICA,525,525
2007,22,SAÚDE COLETIVA,778,778
2007,23,ZOOTECNIA / RECURSOS PESQUEIROS,601,601
2007,24,MEDICINA VETERINÁRIA,622,622
2007,25,CIÊNCIA DE ALIMENTOS,489,489
2007,26,DIREITO,1870,1871
2007,27,"ADMINISTRAÇÃO, CIÊNCIAS CONTÁBEIS E TURISMO",1858,1858
2007,28,ECONOMIA,698,698
2007,29,ARQUITETURA E URBANISMO,480,480
2007,30,PLANEJAMENTO URBANO E REGIONAL / DEMOGRAFIA,202,202
2007,31,CIÊNCIAS SOCIAIS APLICADAS I,658,658
2007,32,SERVIÇO SOCIAL,307,307
2007,33,FILOSOFIA / TEOLOGIA:SUBCOMISSÃO FILOSOFIA,373,373
2007,34,SOCIOLOGIA,744,744
2007,35,ANTROPOLOGIA / ARQUEOLOGIA,181,181
2007,36,GEOGRAFIA,605,605
2007,37,PSICOLOGIA,1077,1077
2007,38,EDUCAÇÃO,2847,2847
2007,39,CIÊNCIA POLÍTICA E RELAÇÕES INTERNACIONAIS,221,221
2007,40,HISTÓRIA,851,851
2007,41,LETRAS / LINGUÍSTICA,2329,2330
2007,42,CIÊNCIAS AGRÁRIAS I,1989,1989
2007,44,FILOSOFIA/TEOLOGIA:SUBCOMISSÃO TEOLOGIA,242,242
2007,45,INTERDISCIPLINAR,1923,1923
2007,46,ENSINO,479,480
2007,47,MATERIAIS,128,128
2007,48,BIOTECNOLOGIA,231,231
2008,1,MATEMÁTICA / PROBABILIDADE E ESTATÍSTICA,412,412
2008,2,CIÊNCIA DA COMPUTAÇÃO,908,908
2008,3,ASTRONOMIA / FÍSICA,488,488
2008,4,QUÍMICA,916,916
2008,5,GEOCIÊNCIAS,544,544
2008,6,CIÊNCIAS BIOLÓGICAS I,1602,1602
2008,7,BIODIVERSIDADE,424,424
2008,8,CIÊNCIAS BIOLÓGICAS II,1058,1058
2008,9,CIÊNCIAS BIOLÓGICAS III,355,355
2008,10,ENGENHARIAS I,1343,1343
2008,11,ARTES / MÚSICA,549,549
2008,12,ENGENHARIAS II,1057,1057
2008,13,ENGENHARIAS III,1814,1814
2008,14,ENGENHARIAS IV,1237,1237
2008,15,MEDICINA I,1162,1162
2008,16,MEDICINA II,1360,1360
2008,17,MEDICINA III,568,568
2008,18,ODONTOLOGIA,1035,1035
2008,19,FARMÁCIA,430,430
2008,20,ENFERMAGEM,592,592
2008,21,EDUCAÇÃO FÍSICA,557,557
2008,22,SAÚDE COLETIVA,824,824
2008,23,ZOOTECNIA / RECURSOS PESQUEIROS,669,669
2008,24,MEDICINA VETERINÁRIA,787,787
2008,25,CIÊNCIA DE ALIMENTOS,427,427
2008,26,DIREITO,1924,1924
2008,27,"ADMINISTRAÇÃO, CIÊNCIAS CONTÁBEIS E TURISMO",1987,1987
2008,28,ECONOMIA,785,785
2008,29,ARQUITETURA E URBANISMO,500,500
2008,30,PLANEJAMENTO URBANO E REGIONAL / DEMOGRAFIA,252,252
2008,31,CIÊNCIAS SOCIAIS APLICADAS I,687,687
2008,32,SERVIÇO SOCIAL,359,359
2008,33,FILOSOFIA / TEOLOGIA:SUBCOMISSÃO FILOSOFIA,372,372
2008,34,SOCIOLOGIA,789,789
2008,35,ANTROPOLOGIA / ARQUEOLOGIA,198,198
2008,36,GEOGRAFIA,710,710
2008,37,PSICOLOGIA,1203,1203
2008,38,EDUCAÇÃO,3113,3116
2008,39,CIÊNCIA POLÍTICA E RELAÇÕES INTERNACIONAIS,225,226
2008,40,HISTÓRIA,1009,1009
2008,41,LETRAS / LINGUÍSTICA,2449,2449
2008,42,CIÊNCIAS AGRÁRIAS I,2387,2388
2008,44,FILOSOFIA/TEOLOGIA:SUBCOMISSÃO TEOLOGIA,241,241
2008,45,INTERDISCIPLINAR,2414,2414
2008,46,ENSINO,610,610
2008,47,MATERIAIS,137,137
2008,48,BIOTECNOLOGIA,277,277
2009,1,MATEMÁTICA / PROBABILIDADE E ESTATÍSTICA,446,446
2009,2,CIÊNCIA DA COMPUTAÇÃO,999,999
2009,3,ASTRONOMIA / FÍSICA,498,498
2009,4,QUÍMICA,975,975
2009,5,GEOCIÊNCIAS,498,498
2009,6,CIÊNCIAS BIOLÓGICAS I,1586,1587
2009,7,BIODIVERSIDADE,460,460
2009,8,CIÊNCIAS BIOLÓGICAS II,984,984
2009,9,CIÊNCIAS BIOLÓGICAS III,387,387
2009,10,ENGENHARIAS I,1384,1384
2009,11,ARTES / MÚSICA,665,665
2009,12,ENGENHARIAS II,1172,1173
2009,13,ENGENHARIAS III,1849,1849
2009,14,ENGENHARIAS IV,1233,1233
2009,15,MEDICINA I,1291,1291
2009,16,MEDICINA II,1474,1474
2009,17,MEDICINA III,550,550
2009,18,ODONTOLOGIA,1232,1233
2009,19,FARMÁCIA,454,454
2009,20,ENFERMAGEM,649,649
2009,21,EDUCAÇÃO FÍSICA,669,669
2009,22,SAÚDE COLETIVA,1019,1019
2009,23,ZOOTECNIA / RECURSOS PESQUEIROS,696,696
2009,24,MEDICINA VETERINÁRIA,792,792
2009,25,CIÊNCIA DE ALIMENTOS,510,510
2009,26,DIREITO,1837,1837
2009,27,"ADMINISTRAÇÃO, CIÊNCIAS CONTÁBEIS E TURISMO",2003,2003
2009,28,ECONOMIA,926,926
2009,29,ARQUITETURA E URBANISMO,543,543
2009,30,PLANEJAMENTO URBANO E REGIONAL / DEMOGRAFIA,308,308
2009,31,CIÊNCIAS SOCIAIS APLICADAS I,778,778
2009,32,SERVIÇO SOCIAL,356,356
2009,33,FILOSOFIA / TEOLOGIA:SUBCOMISSÃO FILOSOFIA,401,401
2009,34,SOCIOLOGIA,828,828
2009,35,ANTROPOLOGIA / ARQUEOLOGIA,214,214
2009,36,GEOGRAFIA,723,723
2009,37,PSICOLOGIA,1304,1304
2009,38,EDUCAÇÃO,3256,3256
2009,39,CIÊNCIA POLÍTICA E RELAÇÕES INTERNACIONAIS,277,277
2009,40,HISTÓRIA,1086,1086
2009,41,LETRAS / LINGUÍSTICA,2525,2525
2009,42,CIÊNCIAS AGRÁRIAS I,2488,2488
2009,44,FILOSOFIA/TEOLOGIA:SUBCOMISSÃO TEOLOGIA,293,293
2009,45,INTERDISCIPLINAR,2578,2578
2009,46,ENSINO,669,669
2009,47,MATERIAIS,157,157
2009,48,BIOTECNOLOGIA,341,341
2010,1,MATEMÁTICA / PROBABILIDADE E ESTATÍSTICA,499,500
2010,2,CIÊNCIA DA COMPUTAÇÃO,1078,1078
2010,3,ASTRONOMIA / FÍSICA,528,528
2010,4,QUÍMICA,970,970
2010,5,GEOCIÊNCIAS,586,586
2010,6,CIÊNCIAS BIOLÓGICAS I,738,738
2010,7,BIODIVERSIDADE,1322,1323
2010,8,CIÊNCIAS BIOLÓGICAS II,823,823
2010,9,CIÊNCIAS BIOLÓGICAS III,379,379
2010,10,ENGENHARIAS I,1254,1254
2010,11,ARTES / MÚSICA,562,562
2010,12,ENGENHARIAS II,1098,1098
2010,13,ENGENHARIAS III,1862,1862
2010,14,ENGENHARIAS IV,1188,1188
2010,15,MEDICINA I,1399,1399
2010,16,MEDICINA II,1286,1286
2010,17,MEDICINA III,551,551
2010,18,ODONTOLOGIA,1119,1120
2010,19,FARMÁCIA,463,463
2010,20,ENFERMAGEM,718,718
2010,21,EDUCAÇÃO FÍSICA,708,708
2010,22,SAÚDE COLETIVA,1120,1120
2010,23,ZOOTECNIA / RECURSOS PESQUEIROS,763,763
2010,24,MEDICINA VETERINÁRIA,905,905
2010,25,CIÊNCIA DE ALIMENTOS,572,572
2010,26,DIREITO,1798,1799
2010,27,"ADMINISTRAÇÃO, CIÊNCIAS CONTÁBEIS E TURISMO",1986,1987
2010,28,ECONOMIA,915,916
2010,29,ARQUITETURA E URBANISMO,488,488
2010,30,PLANEJAMENTO URBANO E REGIONAL / DEMOGRAFIA,267,267
2010,31,CIÊNCIAS SOCIAIS APLICADAS I,806,806
2010,32,SERVIÇO SOCIAL,400,400
2010,33,FILOSOFIA / TEOLOGIA:SUBCOMISSÃO FILOSOFIA,462,462
2010,34,SOCIOLOGIA,872,872
2010,35,ANTROPOLOGIA / ARQUEOLOGIA,243,243
2010,36,GEOGRAFIA,787,787
2010,37,PSICOLOGIA,1291,1291
2010,38,EDUCAÇÃO,3149,3149
2010,39,CIÊNCIA POLÍTICA E RELAÇÕES INTERNACIONAIS,299,299
2010,40,HISTÓRIA,1063,1063
2010,41,LETRAS / LINGUÍSTICA,2317,2317
2010,42,CIÊNCIAS AGRÁRIAS I,2478,2479
2010,44,FILOSOFIA/TEOLOGIA:SUBCOMISSÃO TEOLOGIA,298,298
2010,45,INTERDISCIPLINAR,2087,2087
2010,46,ENSINO,819,819
2010,47,MATERIAIS,173,173
2010,48,BIOTECNOLOGIA,426,426
2010,49,CIÊNCIAS AMBIENTAIS,608,608
2010,50,NUTRIÇÃO,174,174
2011,1,MATEMÁTICA / PROBABILIDADE E ESTATÍSTICA,498,498
2011,2,CIÊNCIA DA COMPUTAÇÃO,1083,1083
2011,3,ASTRONOMIA / FÍSICA,561,561
2011,4,QUÍMICA,1108,1108
2011,5,GEOCIÊNCIAS,600,600
2011,6,CIÊNCIAS BIOLÓGICAS I,790,790
2011,7,BIODIVERSIDADE,1596,1596
2011,8,CIÊNCIAS BIOLÓGICAS II,895,895
2011,9,CIÊNCIAS BIOLÓGICAS III,357,357
2011,10,ENGENHARIAS I,1380,1380
2011,11,ARTES / MÚSICA,691,691
2011,12,ENGENHARIAS II,1171,1171
2011,13,ENGENHARIAS III,2048,2049
2011,14,ENGENHARIAS IV,1280,1280
2011,15,MEDICINA I,1475,1475
2011,16,MEDICINA II,1309,1309
2011,17,MEDICINA III,637,637
2011,18,ODONTOLOGIA,1397,1398
2011,19,FARMÁCIA,569,569
2011,20,ENFERMAGEM,852,852
2011,21,EDUCAÇÃO FÍSICA,769,769
2011,22,SAÚDE COLETIVA,1056,1056
2011,23,ZOOTECNIA / RECURSOS PESQUEIROS,818,818
2011,24,MEDICINA VETERINÁRIA,947,947
2011,25,CIÊNCIA DE ALIMENTOS,575,575
2011,26,DIREITO,1879,1879
2011,27,"ADMINISTRAÇÃO, CIÊNCIAS CONTÁBEIS E TURISMO",2146,2147
2011,28,ECONOMIA,936,936
2011,29,ARQUITETURA E URBANISMO,586,586
2011,30,PLANEJAMENTO URBANO E REGIONAL / DEMOGRAFIA,305,305
2011,31,CIÊNCIAS SOCIAIS APLICADAS I,857,857
2011,32,SERVIÇO SOCIAL,494,494
2011,33,FILOSOFIA / TEOLOGIA:SUBCOMISSÃO FILOSOFIA,516,516
2011,34,SOCIOLOGIA,823,823
2011,35,ANTROPOLOGIA / ARQUEOLOGIA,225,225
2011,36,GEOGRAFIA,896,896
2011,37,PSICOLOGIA,1379,1379
2011,38,EDUCAÇÃO,3362,3365
2011,39,CIÊNCIA POLÍTICA E RELAÇÕES INTERNACIONAIS,356,357
2011,40,HISTÓRIA,1153,1153
2011,41,LETRAS / LINGUÍSTICA,2586,2587
2011,42,CIÊNCIAS AGRÁRIAS I,2736,2738
2011,44,FILOSOFIA/TEOLOGIA:SUBCOMISSÃO TEOLOGIA,325,325
2011,45,INTERDISCIPLINAR,2387,2387
2011,46,ENSINO,850,851
2011,47,MATERIAIS,217,217
2011,48,BIOTECNOLOGIA,493,493
2011,49,CIÊNCIAS AMBIENTAIS,608,608
2011,50,NUTRIÇÃO,263,263
2012,1,MATEMÁTICA / PROBABILIDADE E ESTATÍSTICA,474,474
2012,2,CIÊNCIA DA COMPUTAÇÃO,1273,1273
2012,3,ASTRONOMIA / FÍSICA,614,614
2012,4,QUÍMICA,1165,1165
2012,5,GEOCIÊNCIAS,668,668
2012,6,CIÊNCIAS BIOLÓGICAS I,954,954
2012,7,BIODIVERSIDADE,1682,1682
2012,8,CIÊNCIAS BIOLÓGICAS II,1004,1004
2012,9,CIÊNCIAS BIOLÓGICAS III,460,460
2012,10,ENGENHARIAS I,1426,1426
2012,11,ARTES / MÚSICA,771,771
2012,12,ENGENHARIAS II,1309,1309
2012,13,ENGENHARIAS III,2099,2099
2012,14,ENGENHARIAS IV,1441,1441
2012,15,MEDICINA I,1654,1654
2012,16,MEDICINA II,1492,1492
2012,17,MEDICINA III,616,616
2012,18,ODONTOLOGIA,1574,1575
2012,19,FARMÁCIA,691,691
2012,20,ENFERMAGEM,1016,1016
2012,21,EDUCAÇÃO FÍSICA,907,907
2012,22,SAÚDE COLETIVA,1116,1116
2012,23,ZOOTECNIA / RECURSOS PESQUEIROS,935,935
2012,24,MEDICINA VETERINÁRIA,1115,1115
2012,25,CIÊNCIA DE ALIMENTOS,613,613
2012,26,DIREITO,2068,2068
2012,27,"ADMINISTRAÇÃO, CIÊNCIAS CONTÁBEIS E TURISMO",2473,2473
2012,28,ECONOMIA,967,967
2012,29,ARQUITETURA E URBANISMO,676,676
2012,30,PLANEJAMENTO URBANO E REGIONAL / DEMOGRAFIA,374,374
2012,31,CIÊNCIAS SOCIAIS APLICADAS I,969,969
2012,32,SERVIÇO SOCIAL,456,457
2012,33,FILOSOFIA / TEOLOGIA:SUBCOMISSÃO FILOSOFIA,539,539
2012,34,SOCIOLOGIA,934,934
2012,35,ANTROPOLOGIA / ARQUEOLOGIA,311,311
2012,36,GEOGRAFIA,912,912
2012,37,PSICOLOGIA,1489,1489
2012,38,EDUCAÇÃO,3403,3405
2012,39,CIÊNCIA POLÍTICA E RELAÇÕES INTERNACIONAIS,388,388
2012,40,HISTÓRIA,1180,1180
2012,41,LETRAS / LINGUÍSTICA,2769,2771
2012,42,CIÊNCIAS AGRÁRIAS I,3261,3261
2012,44,FILOSOFIA/TEOLOGIA:SUBCOMISSÃO TEOLOGIA,338,338
2012,45,INTERDISCIPLINAR,2861,2861
2012,46,ENSINO,876,876
2012,47,MATERIAIS,242,242
2012,48,BIOTECNOLOGIA,482,482
2012,49,CIÊNCIAS AMBIENTAIS,683,683
2012,50,NUTRIÇÃO,272,272
2013,1,MATEMÁTICA / PROBABILIDADE E ESTATÍSTICA,1453,1453
2013,2,CIÊNCIA DA COMPUTAÇÃO,1564,1564
2013,3,ASTRONOMIA / FÍSICA,931,931
2013,4,QUÍMICA,1655,1655
2013,5,GEOCIÊNCIAS,781,781
2013,6,CIÊNCIAS BIOLÓGICAS I,1250,1250
2013,7,BIODIVERSIDADE,2191,2191
2013,8,CIÊNCIAS BIOLÓGICAS II,1341,1341
2013,9,CIÊNCIAS BIOLÓGICAS III,607,607
2013,10,ENGENHARIAS I,1583,1583
2013,11,ARTES / MÚSICA,787,787
2013,12,ENGENHARIAS II,1762,1762
2013,13,ENGENHARIAS III,2315,2315
2013,14,ENGENHARIAS IV,1617,1617
2013,15,MEDICINA I,1984,1984
2013,16,MEDICINA II,1661,1661
2013,17,MEDICINA III,641,641
2013,18,ODONTOLOGIA,1807,1807
2013,19,FARMÁCIA,922,922
2013,20,ENFERMAGEM,1152,1152
2013,21,EDUCAÇÃO FÍSICA,907,907
2013,22,SAÚDE COLETIVA,1367,1367
2013,23,ZOOTECNIA / RECURSOS PESQUEIROS,1302,1302
2013,24,MEDICINA VETERINÁRIA,1412,1412
2013,25,CIÊNCIA DE ALIMENTOS,861,861
2013,26,DIREITO,2229,2230
2013,27,"ADMINISTRAÇÃO PÚBLICA E DE EMPRESAS, CIÊNCIAS CONTÁBEIS E TURISMO",2600,2601
2013,28,ECONOMIA,971,971
2013,29,"ARQUITETURA, URBANISMO E DESIGN",743,743
2013,30,PLANEJAMENTO URBANO E REGIONAL / DEMOGRAFIA,485,485
2013,31,COMUNICAÇÃO E INFORMAÇÃO,1073,1074
2013,32,SERVIÇO SOCIAL,474,474
2013,33,FILOSOFIA,602,602
2013,34,SOCIOLOGIA,1011,1011
2013,35,ANTROPOLOGIA / ARQUEOLOGIA,370,370
2013,36,GEOGRAFIA,1042,1042
2013,37,PSICOLOGIA,1723,1723
2013,38,EDUCAÇÃO,4120,4122
2013,39,CIÊNCIA POLÍTICA E RELAÇÕES INTERNACIONAIS,481,481
2013,40,HISTÓRIA,1299,1299
2013,41,LETRAS / LINGUÍSTICA,3243,3244
2013,42,CIÊNCIAS AGRÁRIAS I,3964,3964
2013,44,TEOLOGIA,403,403
2013,45,INTERDISCIPLINAR,3346,3346
2013,46,ENSINO,1156,1156
2013,47,MATERIAIS,386,386
2013,48,BIOTECNOLOGIA,614,614
2013,49,CIÊNCIAS AMBIENTAIS,1034,1034
2013,50,NUTRIÇÃO,299,299
2014,1,MATEMÁTICA / PROBABILIDADE E ESTATÍSTICA,1511,1511
2014,2,CIÊNCIA DA COMPUTAÇÃO,1547,1547
2014,3,ASTRONOMIA / FÍSICA,885,885
2014,4,QUÍMICA,1707,1707
2014,5,GEOCIÊNCIAS,791,791
2014,6,CIÊNCIAS BIOLÓGICAS I,1238,1238
2014,7,BIODIVERSIDADE,2200,2200
2014,8,CIÊNCIAS BIOLÓGICAS II,1302,1302
2014,9,CIÊNCIAS BIOLÓGICAS III,608,608
2014,10,ENGENHARIAS I,1688,1688
2014,11,ARTES / MÚSICA,941,941
2014,12,ENGENHARIAS II,1814,1814
2014,13,ENGENHARIAS III,2339,2339
2014,14,ENGENHARIAS IV,1687,1688
2014,15,MEDICINA I,1855,1855
2014,16,MEDICINA II,1674,1674
2014,17,MEDICINA III,592,592
2014,18,ODONTOLOGIA,1856,1857
2014,19,FARMÁCIA,962,962
2014,20,ENFERMAGEM,1360,1360
2014,21,EDUCAÇÃO FÍSICA,1052,1052
2014,22,SAÚDE COLETIVA,1457,1457
2014,23,ZOOTECNIA / RECURSOS PESQUEIROS,1351,1351
2014,24,MEDICINA VETERINÁRIA,1392,1392
2014,25,CIÊNCIA DE ALIMENTOS,871,871
2014,26,DIREITO,2597,2598
2014,27,"ADMINISTRAÇÃO PÚBLICA E DE EMPRESAS, CIÊNCIAS CONTÁBEIS E TURISMO",2790,2790
2014,28,ECONOMIA,1040,1040
2014,29,"ARQUITETURA, URBANISMO E DESIGN",745,745
2014,30,PLANEJAMENTO URBANO E REGIONAL / DEMOGRAFIA,542,542
2014,31,COMUNICAÇÃO E INFORMAÇÃO,1160,1160
2014,32,SERVIÇO SOCIAL,523,523
2014,33,FILOSOFIA,609,609
2014,34,SOCIOLOGIA,1054,1054
2014,35,ANTROPOLOGIA / ARQUEOLOGIA,398,398
2014,36,GEOGRAFIA,1044,1044
2014,37,PSICOLOGIA,1732,1732
2014,38,EDUCAÇÃO,4269,4269
2014,39,CIÊNCIA POLÍTICA E RELAÇÕES INTERNACIONAIS,467,467
2014,40,HISTÓRIA,1342,1342
2014,41,LETRAS / LINGUÍSTICA,3456,3457
2014,42,CIÊNCIAS AGRÁRIAS I,4192,4193
2014,44,TEOLOGIA,401,401
2014,45,INTERDISCIPLINAR,3766,3777
2014,46,ENSINO,1359,1359
2014,47,MATERIAIS,423,423
2014,48,BIOTECNOLOGIA,624,624
2014,49,CIÊNCIAS AMBIENTAIS,1094,1094
2014,50,NUTRIÇÃO,342,342
2015,1,MATEMÁTICA / PROBABILIDADE E ESTATÍSTICA,1474,1474
2015,2,CIÊNCIA DA COMPUTAÇÃO,1688,1688
2015,3,ASTRONOMIA / FÍSICA,1084,1084
2015,4,QUÍMICA,1701,1701
2015,5,GEOCIÊNCIAS,867,867
2015,6,CIÊNCIAS BIOLÓGICAS I,1212,1212
2015,7,BIODIVERSIDADE,2212,2212
2015,8,CIÊNCIAS BIOLÓGICAS II,1349,1349
2015,9,CIÊNCIAS BIOLÓGICAS III,640,640
2015,10,ENGENHARIAS I,1847,1847
2015,11,ARTES / MÚSICA,979,979
2015,12,ENGENHARIAS II,1880,1880
2015,13,ENGENHARIAS III,2644,2646
2015,14,ENGENHARIAS IV,1840,1840
2015,15,MEDICINA I,1928,1928
2015,16,MEDICINA II,1799,1799
2015,17,MEDICINA III,652,652
2015,18,ODONTOLOGIA,2063,2063
2015,19,FARMÁCIA,1038,1038
2015,20,ENFERMAGEM,1440,1440
2015,21,EDUCAÇÃO FÍSICA,1161,1161
2015,22,SAÚDE COLETIVA,1470,1470
2015,23,ZOOTECNIA / RECURSOS PESQUEIROS,1317,1317
2015,24,MEDICINA VETERINÁRIA,1459,1459
2015,25,CIÊNCIA DE ALIMENTOS,876,876
2015,26,DIREITO,2622,2623
2015,27,"ADMINISTRAÇÃO PÚBLICA E DE EMPRESAS, CIÊNCIAS CONTÁBEIS E TURISMO",3083,3084
2015,28,ECONOMIA,1032,1032
2015,29,"ARQUITETURA, URBANISMO E DESIGN",878,878
2015,30,PLANEJAMENTO URBANO E REGIONAL / DEMOGRAFIA,557,557
2015,31,COMUNICAÇÃO E INFORMAÇÃO,1222,1222
2015,32,SERVIÇO SOCIAL,542,542
2015,33,FILOSOFIA,664,664
2015,34,SOCIOLOGIA,1116,1116
2015,35,ANTROPOLOGIA / ARQUEOLOGIA,452,452
2015,36,GEOGRAFIA,1181,1182
2015,37,PSICOLOGIA,1829,1829
2015,38,EDUCAÇÃO,4673,4673
2015,39,CIÊNCIA POLÍTICA E RELAÇÕES INTERNACIONAIS,541,541
2015,40,HISTÓRIA,1549,1549
2015,41,LETRAS / LINGUÍSTICA,4025,4025
2015,42,CIÊNCIAS AGRÁRIAS I,4122,4122
2015,44,TEOLOGIA,425,425
2015,45,INTERDISCIPLINAR,4271,4271
2015,46,ENSINO,1642,1642
2015,47,MATERIAIS,431,431
2015,48,BIOTECNOLOGIA,767,767
2015,49,CIÊNCIAS AMBIENTAIS,1291,1291
2015,50,NUTRIÇÃO,343,343
2016,1,MATEMÁTICA / PROBABILIDADE E ESTATÍSTICA,1421,1422
2016,2,CIÊNCIA DA COMPUTAÇÃO,1812,1812
2016,3,ASTRONOMIA / FÍSICA,1158,1163
2016,4,QUÍMICA,1778,1778
2016,5,GEOCIÊNCIAS,891,891
2016,6,CIÊNCIAS BIOLÓGICAS I,1172,1172
2016,7,BIODIVERSIDADE,2227,2227
2016,8,CIÊNCIAS BIOLÓGICAS II,1339,1339
2016,9,CIÊNCIAS BIOLÓGICAS III,593,593
2016,10,ENGENHARIAS I,2048,2050
2016,11,ARTES / MÚSICA,1081,1081
2016,12,ENGENHARIAS II,2010,2010
2016,13,ENGENHARIAS III,2871,2871
2016,14,ENGENHARIAS IV,2010,2010
2016,15,MEDICINA I,2179,2179
2016,16,MEDICINA II,1743,1743
2016,17,MEDICINA III,733,733
2016,18,ODONTOLOGIA,2169,2169
2016,19,FARMÁCIA,1133,1133
2016,20,ENFERMAGEM,1492,1492
2016,21,EDUCAÇÃO FÍSICA,1201,1201
2016,22,SAÚDE COLETIVA,1514,1514
2016,23,ZOOTECNIA / RECURSOS PESQUEIROS,1356,1356
2016,24,MEDICINA VETERINÁRIA,1489,1489
2016,25,CIÊNCIA DE ALIMENTOS,926,926
2016,26,DIREITO,3084,3084
2016,27,"ADMINISTRAÇÃO PÚBLICA E DE EMPRESAS, CIÊNCIAS CONTÁBEIS E TURISMO",3438,3438
2016,28,ECONOMIA,1083,1083
2016,29,"ARQUITETURA, URBANISMO E DESIGN",978,978
2016,30,PLANEJAMENTO URBANO E REGIONAL / DEMOGRAFIA,581,581
2016,31,COMUNICAÇÃO E INFORMAÇÃO,1303,1303
2016,32,SERVIÇO SOCIAL,527,527
2016,33,FILOSOFIA,595,595
2016,34,SOCIOLOGIA,1197,1197
2016,35,ANTROPOLOGIA / ARQUEOLOGIA,432,432
2016,36,GEOGRAFIA,1209,1209
2016,37,PSICOLOGIA,1748,1748
2016,38,EDUCAÇÃO,5054,5054
2016,39,CIÊNCIA POLÍTICA E RELAÇÕES INTERNACIONAIS,610,610
2016,40,HISTÓRIA,1681,1681
2016,41,LETRAS / LINGUÍSTICA,3816,3818
2016,42,CIÊNCIAS AGRÁRIAS I,4429,4429
2016,44,TEOLOGIA,379,380
2016,45,INTERDISCIPLINAR,4793,4793
2016,46,ENSINO,1884,1884
2016,47,MATERIAIS,524,524
2016,48,BIOTECNOLOGIA,822,822
2016,49,CIÊNCIAS AMBIENTAIS,1364,1364
2016,50,NUTRIÇÃO,389,389
2017,1,MATEMÁTICA / PROBABILIDADE E ESTATÍSTICA,1447,1447
2017,2,CIÊNCIA DA COMPUTAÇÃO,1914,1914
2017,3,ASTRONOMIA / FÍSICA,1188,1188
2017,4,QUÍMICA,1749,1749
2017,5,GEOCIÊNCIAS,977,977
2017,6,CIÊNCIAS BIOLÓGICAS I,1281,1281
2017,7,BIODIVERSIDADE,2253,2267
2017,8,CIÊNCIAS BIOLÓGICAS II,1450,1450
2017,9,CIÊNCIAS BIOLÓGICAS III,641,641
2017,10,ENGENHARIAS I,2166,2166
2017,11,ARTES,1183,1184
2017,12,ENGENHARIAS II,2062,2062
2017,13,ENGENHARIAS III,3082,3082
2017,14,ENGENHARIAS IV,2029,2029
2017,15,MEDICINA I,2182,2182
2017,16,MEDICINA II,1927,1927
2017,17,MEDICINA III,705,705
2017,18,ODONTOLOGIA,2119,2119
2017,19,FARMÁCIA,1145,1145
2017,20,ENFERMAGEM,1603,1603
2017,21,EDUCAÇÃO FÍSICA,1335,1335
2017,22,SAÚDE COLETIVA,1607,1608
2017,23,ZOOTECNIA / RECURSOS PESQUEIROS,1346,1346
2017,24,MEDICINA VETERINÁRIA,1515,1515
2017,25,CIÊNCIA DE ALIMENTOS,922,922
2017,26,DIREITO,3340,3341
2017,27,"ADMINISTRAÇÃO PÚBLICA E DE EMPRESAS, CIÊNCIAS CONTÁBEIS E TURISMO",3609,3614
2017,28,ECONOMIA,1239,1239
2017,29,"ARQUITETURA, URBANISMO E DESIGN",1147,1147
2017,30,PLANEJAMENTO URBANO E REGIONAL / DEMOGRAFIA,623,623
2017,31,COMUNICAÇÃO E INFORMAÇÃO,1410,1410
2017,32,SERVIÇO SOCIAL,549,549
2017,33,FILOSOFIA,784,784
2017,34,SOCIOLOGIA,1139,1139
2017,35,ANTROPOLOGIA / ARQUEOLOGIA,445,445
2017,36,GEOGRAFIA,1339,1339
2017,37,PSICOLOGIA,2067,2067
2017,38,EDUCAÇÃO,5596,5597
2017,39,CIÊNCIA POLÍTICA E RELAÇÕES INTERNACIONAIS,634,634
2017,40,HISTÓRIA,1541,1541
2017,41,LINGUÍSTICA E LITERATURA,3816,3816
2017,42,CIÊNCIAS AGRÁRIAS I,4361,4361
2017,44,CIÊNCIAS DA RELIGIÃO E TEOLOGIA,499,499
2017,45,INTERDISCIPLINAR,5466,5471
2017,46,ENSINO,2305,2305
2017,47,MATERIAIS,528,528
2017,48,BIOTECNOLOGIA,958,958
2017,49,CIÊNCIAS AMBIENTAIS,1691,1691
2017,50,NUTRIÇÃO,367,367
2018,1,MATEMÁTICA / PROBABILIDADE E ESTATÍSTICA,1426,1426
2018,2,CIÊNCIA DA COMPUTAÇÃO,1783,1783
2018,3,ASTRONOMIA / FÍSICA,1290,1296
2018,4,QUÍMICA,1838,1838
2018,5,GEOCIÊNCIAS,1036,1036
2018,6,CIÊNCIAS BIOLÓGICAS I,1276,1276
2018,7,BIODIVERSIDADE,2141,2149
2018,8,CIÊNCIAS BIOLÓGICAS II,1418,1418
2018,9,CIÊNCIAS BIOLÓGICAS III,662,662
2018,10,ENGENHARIAS I,2389,2389
2018,11,ARTES,1221,1221
2018,12,ENGENHARIAS II,2148,2148
2018,13,ENGENHARIAS III,2853,2853
2018,14,ENGENHARIAS IV,2207,2207
2018,15,MEDICINA I,2405,2405
2018,16,MEDICINA II,1997,1997
2018,17,MEDICINA III,854,854
2018,18,ODONTOLOGIA,2321,2321
2018,19,FARMÁCIA,1210,1210
2018,20,ENFERMAGEM,1666,1666
2018,21,EDUCAÇÃO FÍSICA,1474,1474
2018,22,SAÚDE COLETIVA,1718,1718
2018,23,ZOOTECNIA / RECURSOS PESQUEIROS,1381,1381
2018,24,MEDICINA VETERINÁRIA,1599,1599
2018,25,CIÊNCIA DE ALIMENTOS,1004,1004
2018,26,DIREITO,3606,3609
2018,27,"ADMINISTRAÇÃO PÚBLICA E DE EMPRESAS, CIÊNCIAS CONTÁBEIS E TURISMO",4140,4143
2018,28,ECONOMIA,1209,1209
2018,29,"ARQUITETURA, URBANISMO E DESIGN",1199,1199
2018,30,PLANEJAMENTO URBANO E REGIONAL / DEMOGRAFIA,695,695
2018,31,COMUNICAÇÃO E INFORMAÇÃO,1527,1529
2018,32,SERVIÇO SOCIAL,600,600
2018,33,FILOSOFIA,711,712
2018,34,SOCIOLOGIA,1109,1109
2018,35,ANTROPOLOGIA / ARQUEOLOGIA,516,516
2018,36,GEOGRAFIA,1303,1303
2018,37,PSICOLOGIA,2111,2111
2018,38,EDUCAÇÃO,5553,5553
2018,39,CIÊNCIA POLÍTICA E RELAÇÕES INTERNACIONAIS,809,809
2018,40,HISTÓRIA,1827,1827
2018,41,LINGUÍSTICA E LITERATURA,4296,4296
2018,42,CIÊNCIAS AGRÁRIAS I,4585,4585
2018,44,CIÊNCIAS DA RELIGIÃO E TEOLOGIA,534,534
2018,45,INTERDISCIPLINAR,6031,6040
2018,46,ENSINO,2560,2563
2018,47,MATERIAIS,526,526
2018,48,BIOTECNOLOGIA,1064,1064
2018,49,CIÊNCIAS AMBIENTAIS,2142,2142
2018,50,NUTRIÇÃO,463,463
2019,1,MATEMÁTICA / PROBABILIDADE E ESTATÍSTICA,1479,1479
2019,2,CIÊNCIA DA COMPUTAÇÃO,1813,1813
2019,3,ASTRONOMIA / FÍSICA,1306,1318
2019,4,QUÍMICA,1992,1992
2019,5,GEOCIÊNCIAS,1010,1010
2019,6,CIÊNCIAS BIOLÓGICAS I,1595,1595
2019,7,BIODIVERSIDADE,2345,2345
2019,8,CIÊNCIAS BIOLÓGICAS II,1477,1477
2019,9,CIÊNCIAS BIOLÓGICAS III,659,659
2019,10,ENGENHARIAS I,2430,2430
2019,11,ARTES,1194,1194
2019,12,ENGENHARIAS II,2320,2320
2019,13,ENGENHARIAS III,2824,2824
2019,14,ENGENHARIAS IV,2259,2259
2019,15,MEDICINA I,2436,2436
2019,16,MEDICINA II,1928,1928
2019,17,MEDICINA III,745,745
2019,18,ODONTOLOGIA,2411,2412
2019,19,FARMÁCIA,1132,1132
2019,20,ENFERMAGEM,1829,1830
2019,21,EDUCAÇÃO FÍSICA,1573,1573
2019,22,SAÚDE COLETIVA,2036,2036
2019,23,ZOOTECNIA / RECURSOS PESQUEIROS,1331,1331
2019,24,MEDICINA VETERINÁRIA,1724,1724
2019,25,CIÊNCIA DE ALIMENTOS,1009,1009
2019,26,DIREITO,3649,3649
2019,27,"ADMINISTRAÇÃO PÚBLICA E DE EMPRESAS, CIÊNCIAS CONTÁBEIS E TURISMO",4260,4261
2019,28,ECONOMIA,1214,1214
2019,29,"ARQUITETURA, URBANISMO E DESIGN",1274,1274
2019,30,PLANEJAMENTO URBANO E REGIONAL / DEMOGRAFIA,698,698
2019,31,COMUNICAÇÃO E INFORMAÇÃO,1631,1631
2019,32,SERVIÇO SOCIAL,611,611
2019,33,FILOSOFIA,897,897
2019,34,SOCIOLOGIA,1097,1097
2019,35,ANTROPOLOGIA / ARQUEOLOGIA,544,544
2019,36,GEOGRAFIA,1341,1341
2019,37,PSICOLOGIA,2291,2291
2019,38,EDUCAÇÃO,6020,6020
2019,39,CIÊNCIA POLÍTICA E RELAÇÕES INTERNACIONAIS,961,961
2019,40,HISTÓRIA,1748,1748
2019,41,LINGUÍSTICA E LITERATURA,4608,4610
2019,42,CIÊNCIAS AGRÁRIAS I,4567,4567
2019,44,CIÊNCIAS DA RELIGIÃO E TEOLOGIA,446,446
2019,45,INTERDISCIPLINAR,6248,6249
2019,46,ENSINO,3261,3261
2019,47,MATERIAIS,592,592
2019,48,BIOTECNOLOGIA,1018,1018
2019,49,CIÊNCIAS AMBIENTAIS,2177,2177
2019,50,NUTRIÇÃO,473,473
2020,1,MATEMÁTICA / PROBABILIDADE E ESTATÍSTICA,1225,1225
2020,2,CIÊNCIA DA COMPUTAÇÃO,1627,1627
2020,3,ASTRONOMIA / FÍSICA,1173,1173
2020,4,QUÍMICA,1497,1497
2020,5,GEOCIÊNCIAS,839,839
2020,6,CIÊNCIAS BIOLÓGICAS I,1221,1221
2020,7,BIODIVERSIDADE,1927,1927
2020,8,CIÊNCIAS BIOLÓGICAS II,1117,1117
2020,9,CIÊNCIAS BIOLÓGICAS III,518,518
2020,10,ENGENHARIAS I,1983,1983
2020,11,ARTES,1087,1087
2020,12,ENGENHARIAS II,1638,1638
2020,13,ENGENHARIAS III,2114,2114
2020,14,ENGENHARIAS IV,2099,2099
2020,15,MEDICINA I,1918,1918
2020,16,MEDICINA II,1627,1627
2020,17,MEDICINA III,736,736
2020,18,ODONTOLOGIA,2221,2222
2020,19,FARMÁCIA,959,959
2020,20,ENFERMAGEM,1366,1366
2020,21,EDUCAÇÃO FÍSICA,1561,1561
2020,22,SAÚDE COLETIVA,1442,1442
2020,23,ZOOTECNIA / RECURSOS PESQUEIROS,1087,1087
2020,24,MEDICINA VETERINÁRIA,1394,1394
2020,25,CIÊNCIA DE ALIMENTOS,790,790
2020,26,DIREITO,3596,3599
2020,27,"ADMINISTRAÇÃO PÚBLICA E DE EMPRESAS, CIÊNCIAS CONTÁBEIS E TURISMO",3422,3422
2020,28,ECONOMIA,1075,1075
2020,29,"ARQUITETURA, URBANISMO E DESIGN",1111,1111
2020,30,PLANEJAMENTO URBANO E REGIONAL / DEMOGRAFIA,604,604
2020,31,COMUNICAÇÃO E INFORMAÇÃO,1406,1406
2020,32,SERVIÇO SOCIAL,523,523
2020,33,FILOSOFIA,658,658
2020,34,SOCIOLOGIA,1006,1006
2020,35,ANTROPOLOGIA / ARQUEOLOGIA,430,430
2020,36,GEOGRAFIA,1031,1031
2020,37,PSICOLOGIA,1844,1844
2020,38,EDUCAÇÃO,5374,5374
2020,39,CIÊNCIA POLÍTICA E RELAÇÕES INTERNACIONAIS,698,699
2020,40,HISTÓRIA,1719,1719
2020,41,LINGUÍSTICA E LITERATURA,3923,3923
2020,42,CIÊNCIAS AGRÁRIAS I,3857,3857
2020,44,CIÊNCIAS DA RELIGIÃO E TEOLOGIA,386,386
2020,45,INTERDISCIPLINAR,5634,5636
2020,46,ENSINO,2968,2968
2020,47,MATERIAIS,445,445
2020,48,BIOTECNOLOGIA,869,869
2020,49,CIÊNCIAS AMBIENTAIS,1904,1904
2020,50,NUTRIÇÃO,455,455
2021,1,MATEMÁTICA / PROBABILIDADE E ESTATÍSTICA,1384,1384
2021,2,CIÊNCIA DA COMPUTAÇÃO,1553,1553
2021,3,ASTRONOMIA / FÍSICA,1165,1165
2021,4,QUÍMICA,1530,1530
2021,5,GEOCIÊNCIAS,734,734
2021,6,CIÊNCIAS BIOLÓGICAS I,1018,1018
2021,7,BIODIVERSIDADE,1756,1756
2021,8,CIÊNCIAS BIOLÓGICAS II,1101,1101
2021,9,CIÊNCIAS BIOLÓGICAS III,568,568
2021,10,ENGENHARIAS I,1890,1890
2021,11,ARTES,1161,1161
2021,12,ENGENHARIAS II,1633,1633
2021,13,ENGENHARIAS III,2299,2303
2021,14,ENGENHARIAS IV,1780,1780
2021,15,MEDICINA I,1937,1949
2021,16,MEDICINA II,1659,1659
2021,17,MEDICINA III,674,674
2021,18,ODONTOLOGIA,2093,2093
2021,19,FARMÁCIA,984,984
2021,20,ENFERMAGEM,1591,1591
2021,21,EDUCAÇÃO FÍSICA,1359,1360
2021,22,SAÚDE COLETIVA,1775,1775
2021,23,ZOOTECNIA / RECURSOS PESQUEIROS,1168,1172
2021,24,MEDICINA VETERINÁRIA,1403,1406
2021,25,CIÊNCIA DE ALIMENTOS,771,771
2021,26,DIREITO,3739,3745
2021,27,"ADMINISTRAÇÃO PÚBLICA E DE EMPRESAS, CIÊNCIAS CONTÁBEIS E TURISMO",3679,3679
2021,28,ECONOMIA,1150,1150
2021,29,"ARQUITETURA, URBANISMO E DESIGN",1079,1079
2021,30,PLANEJAMENTO URBANO E REGIONAL / DEMOGRAFIA,647,647
2021,31,COMUNICAÇÃO E INFORMAÇÃO,1508,1508
2021,32,SERVIÇO SOCIAL,611,611
2021,33,FILOSOFIA,788,788
2021,34,SOCIOLOGIA,981,981
2021,35,ANTROPOLOGIA / ARQUEOLOGIA,466,466
2021,36,GEOGRAFIA,1188,1188
2021,37,PSICOLOGIA,1993,1996
2021,38,EDUCAÇÃO,5651,5668
2021,39,CIÊNCIA POLÍTICA E RELAÇÕES INTERNACIONAIS,776,776
2021,40,HISTÓRIA,1828,1829
2021,41,LINGUÍSTICA E LITERATURA,4230,4251
2021,42,CIÊNCIAS AGRÁRIAS I,3814,3815
2021,44,CIÊNCIAS DA RELIGIÃO E TEOLOGIA,438,438
2021,45,INTERDISCIPLINAR,5772,5781
2021,46,ENSINO,3503,3503
2021,47,MATERIAIS,471,471
2021,48,BIOTECNOLOGIA,841,847
2021,49,CIÊNCIAS AMBIENTAIS,1948,1948
2021,50,NUTRIÇÃO,515,515
2022,1,MATEMÁTICA / PROBABILIDADE E ESTATÍSTICA,1010,1011
2022,2,CIÊNCIA DA COMPUTAÇÃO,1550,1550
2022,3,ASTRONOMIA / FÍSICA,1288,1288
2022,4,QUÍMICA,1596,1596
2022,5,GEOCIÊNCIAS,811,811
2022,6,CIÊNCIAS BIOLÓGICAS I,1461,1461
2022,7,BIODIVERSIDADE,1914,1914
2022,8,CIÊNCIAS BIOLÓGICAS II,1267,1267
2022,9,CIÊNCIAS BIOLÓGICAS III,610,610
2022,10,ENGENHARIAS I,1972,1972
2022,11,ARTES,1187,1187
2022,12,ENGENHARIAS II,1676,1676
2022,13,ENGENHARIAS III,2102,2102
2022,14,ENGENHARIAS IV,1782,1782
2022,15,MEDICINA I,2127,2127
2022,16,MEDICINA II,1862,1862
2022,17,MEDICINA III,663,663
2022,18,ODONTOLOGIA,2076,2076
2022,19,FARMÁCIA,1097,1097
2022,20,ENFERMAGEM,1671,1671
2022,21,EDUCAÇÃO FÍSICA,1492,1492
2022,22,SAÚDE COLETIVA,1920,1920
2022,23,ZOOTECNIA / RECURSOS PESQUEIROS,1002,1002
2022,24,MEDICINA VETERINÁRIA,1526,1526
2022,25,CIÊNCIA DE ALIMENTOS,882,883
2022,26,DIREITO,4327,4333
2022,27,"ADMINISTRAÇÃO PÚBLICA E DE EMPRESAS, CIÊNCIAS CONTÁBEIS E TURISMO",3626,3627
2022,28,ECONOMIA,1135,1135
2022,29,"ARQUITETURA, URBANISMO E DESIGN",1058,1058
2022,30,PLANEJAMENTO URBANO E REGIONAL / DEMOGRAFIA,609,609
2022,31,COMUNICAÇÃO E INFORMAÇÃO,1486,1486
2022,32,SERVIÇO SOCIAL,553,553
2022,33,FILOSOFIA,795,795
2022,34,SOCIOLOGIA,871,871
2022,35,ANTROPOLOGIA / ARQUEOLOGIA,487,487
2022,36,GEOGRAFIA,1270,1270
2022,37,PSICOLOGIA,1968,1968
2022,38,EDUCAÇÃO,5603,5603
2022,39,CIÊNCIA POLÍTICA E RELAÇÕES INTERNACIONAIS,815,815
2022,40,HISTÓRIA,1967,1967
2022,41,LINGUÍSTICA E LITERATURA,3614,3614
2022,42,CIÊNCIAS AGRÁRIAS I,3566,3566
2022,44,CIÊNCIAS DA RELIGIÃO E TEOLOGIA,408,408
2022,45,INTERDISCIPLINAR,5956,5957
2022,46,ENSINO,3455,3455
2022,47,MATERIAIS,526,526
2022,48,BIOTECNOLOGIA,928,928
2022,49,CIÊNCIAS AMBIENTAIS,2057,2058
2022,50,NUTRIÇÃO,449,449
2023,1,MATEMÁTICA / PROBABILIDADE E ESTATÍSTICA,1261,1261
2023,2,CIÊNCIA DA COMPUTAÇÃO,1572,1572
2023,3,ASTRONOMIA / FÍSICA,1230,1230
2023,4,QUÍMICA,1668,1668
2023,5,GEOCIÊNCIAS,860,860
2023,6,CIÊNCIAS BIOLÓGICAS I,1022,1022
2023,7,BIODIVERSIDADE,1920,1920
2023,8,CIÊNCIAS BIOLÓGICAS II,1360,1360
2023,9,CIÊNCIAS BIOLÓGICAS III,699,699
2023,10,ENGENHARIAS I,2108,2108
2023,11,ARTES,1532,1533
2023,12,ENGENHARIAS II,1715,1716
2023,13,ENGENHARIAS III,2043,2044
2023,14,ENGENHARIAS IV,1689,1689
2023,15,MEDICINA I,2235,2235
2023,16,MEDICINA II,1864,1864
2023,17,MEDICINA III,789,789
2023,18,ODONTOLOGIA,2153,2153
2023,19,FARMÁCIA,1079,1079
2023,20,ENFERMAGEM,1908,1908
2023,21,EDUCAÇÃO FÍSICA,1874,1874
2023,22,SAÚDE COLETIVA,2026,2026
2023,23,ZOOTECNIA / RECURSOS PESQUEIROS,1026,1027
2023,24,MEDICINA VETERINÁRIA,1463,1463
2023,25,CIÊNCIA DE ALIMENTOS,865,865
2023,26,DIREITO,4702,4709
2023,27,"ADMINISTRAÇÃO PÚBLICA E DE EMPRESAS, CIÊNCIAS CONTÁBEIS E TURISMO",4213,4213
2023,28,ECONOMIA,1247,1247
2023,29,"ARQUITETURA, URBANISMO E DESIGN",1243,1243
2023,30,PLANEJAMENTO URBANO E REGIONAL / DEMOGRAFIA,795,795
2023,31,COMUNICAÇÃO E INFORMAÇÃO,1657,1657
2023,32,SERVIÇO SOCIAL,661,661
2023,33,FILOSOFIA,900,902
2023,34,SOCIOLOGIA,1055,1055
2023,35,ANTROPOLOGIA / ARQUEOLOGIA,525,525
2023,36,GEOGRAFIA,1400,1400
2023,37,PSICOLOGIA,2412,2412
2023,38,EDUCAÇÃO,6441,6441
2023,39,CIÊNCIA POLÍTICA E RELAÇÕES INTERNACIONAIS,868,868
2023,40,HISTÓRIA,1890,1890
2023,41,LINGUÍSTICA E LITERATURA,4562,4563
2023,42,CIÊNCIAS AGRÁRIAS I,3504,3504
2023,44,CIÊNCIAS DA RELIGIÃO E TEOLOGIA,432,432
2023,45,INTERDISCIPLINAR,6515,6515
2023,46,ENSINO,4092,4094
2023,47,MATERIAIS,634,634
2023,48,BIOTECNOLOGIA,913,913
2023,49,CIÊNCIAS AMBIENTAIS,2255,2255
2023,50,NUTRIÇÃO,569,569
2024,1,MATEMÁTICA / PROBABILIDADE E ESTATÍSTICA,797,797
2024,2,COMPUTAÇÃO,1722,1722
2024,3,ASTRONOMIA / FÍSICA,967,967
2024,4,QUÍMICA,1589,1589
2024,5,GEOCIÊNCIAS,775,775
2024,6,CIÊNCIAS BIOLÓGICAS I,1072,1072
2024,7,BIODIVERSIDADE,2078,2078
2024,8,CIÊNCIAS BIOLÓGICAS II,1348,1348
2024,9,CIÊNCIAS BIOLÓGICAS III,634,634
2024,10,ENGENHARIAS I,1883,1883
2024,11,ARTES,1444,1444
2024,12,ENGENHARIAS II,1546,1546
2024,13,ENGENHARIAS III,2047,2047
2024,14,ENGENHARIAS IV,1703,1704
2024,15,MEDICINA I,2325,2325
2024,16,MEDICINA II,1914,1915
2024,17,MEDICINA III,800,800
2024,18,ODONTOLOGIA,2271,2271
2024,19,FARMÁCIA,1142,1142
2024,20,ENFERMAGEM,1944,1944
2024,21,"EDUCAÇÃO FÍSICA, FISIOTERAPIA, FONOAUDIOLOGIA E TERAPIA OCUPACIONAL",1662,1663
2024,22,SAÚDE COLETIVA,2041,2042
2024,23,ZOOTECNIA / RECURSOS PESQUEIROS,974,974
2024,24,MEDICINA VETERINÁRIA,1528,1528
2024,25,CIÊNCIA DE ALIMENTOS,818,818
2024,26,DIREITO,4656,4664
2024,27,"ADMINISTRAÇÃO PÚBLICA E DE EMPRESAS, CIÊNCIAS CONTÁBEIS E TURISMO",3806,3806
2024,28,ECONOMIA,1165,1165
2024,29,"ARQUITETURA, URBANISMO E DESIGN",1252,1252
2024,30,PLANEJAMENTO URBANO E REGIONAL / DEMOGRAFIA,689,689
2024,31,COMUNICAÇÃO E INFORMAÇÃO,1538,1538
2024,32,SERVIÇO SOCIAL,632,632
2024,33,FILOSOFIA,838,838
2024,34,SOCIOLOGIA,1050,1050
2024,35,ANTROPOLOGIA / ARQUEOLOGIA,585,585
2024,36,GEOGRAFIA,1440,1440
2024,37,PSICOLOGIA,2280,2280
2024,38,EDUCAÇÃO,6347,6348
2024,39,CIÊNCIA POLÍTICA E RELAÇÕES INTERNACIONAIS,1002,1002
2024,40,HISTÓRIA,1795,1795
2024,41,LINGUÍSTICA E LITERATURA,4107,4107
2024,42,CIÊNCIAS AGRÁRIAS I,3298,3299
2024,44,CIÊNCIAS DA RELIGIÃO E TEOLOGIA,397,398
2024,45,INTERDISCIPLINAR,6810,6810
2024,46,ENSINO,4274,4274
2024,47,MATERIAIS,606,606
2024,48,BIOTECNOLOGIA,883,883
2024,49,CIÊNCIAS AMBIENTAIS,2005,2008
2024,50,NUTRIÇÃO,564,564
2024,51,CIÊNCIAS E HUMANIDADES PARA A EDUCAÇÃO BÁSICA,2765,2765
