AREA_REF_ANO,CD_AREA_AVALIACAO_REF,NM_AREA_AVALIACAO_REF,NOTA_2020,NOTA_2024,CONTAGEM_PROGRAMAS
2024,ALL,TODAS AS ÁREAS,3,3,611
2024,ALL,TODAS AS ÁREAS,3,4,741
2024,ALL,TODAS AS ÁREAS,3,5,8
2024,ALL,TODAS AS ÁREAS,4,3,35
2024,ALL,TODAS AS ÁREAS,4,4,909
2024,ALL,TODAS AS ÁREAS,4,5,504
2024,ALL,TODAS AS ÁREAS,4,6,9
2024,ALL,TODAS AS ÁREAS,5,3,1
2024,ALL,TODAS AS ÁREAS,5,4,53
2024,ALL,TODAS AS ÁREAS,5,5,502
2024,ALL,TODAS AS ÁREAS,5,6,187
2024,ALL,TODAS AS ÁREAS,5,7,6
2024,ALL,TODAS AS ÁREAS,6,4,2
2024,ALL,TODAS AS ÁREAS,6,5,16
2024,ALL,TODAS AS ÁREAS,6,6,201
2024,ALL,TODAS AS ÁREAS,6,7,84
2024,ALL,TODAS AS ÁREAS,7,5,3
2024,ALL,TODAS AS ÁREAS,7,6,12
2024,ALL,TODAS AS ÁREAS,7,7,170
2024,ALL,TODAS AS ÁREAS,A,3,267
2024,ALL,TODAS AS ÁREAS,A,4,41
2024,ALL,TODAS AS ÁREAS,A,A,1
2024,1,MATEMÁTICA / PROBABILIDADE E ESTATÍSTICA,3,3,7
2024,1,MATEMÁTICA / PROBABILIDADE E ESTATÍSTICA,3,4,6
2024,1,MATEMÁTICA / PROBABILIDADE E ESTATÍSTICA,4,4,16
2024,1,MATEMÁTICA / PROBABILIDADE E ESTATÍSTICA,4,5,4
2024,1,MATEMÁTICA / PROBABILIDADE E ESTATÍSTICA,5,5,11
2024,1,MATEMÁTICA / PROBABILIDADE E ESTATÍSTICA,5,6,3
2024,1,MATEMÁTICA / PROBABILIDADE E ESTATÍSTICA,6,6,2
2024,1,MATEMÁTICA / PROBABILIDADE E ESTATÍSTICA,6,7,1
2024,1,MATEMÁTICA / PROBABILIDADE E ESTATÍSTICA,7,7,7
2024,1,MATEMÁTICA / PROBABILIDADE E ESTATÍSTICA,A,3,2
2024,2,COMPUTAÇÃO,3,3,17
2024,2,COMPUTAÇÃO,3,4,14
2024,2,COMPUTAÇÃO,4,4,18
2024,2,COMPUTAÇÃO,4,5,8
2024,2,COMPUTAÇÃO,5,5,5
2024,2,COMPUTAÇÃO,5,6,2
2024,2,COMPUTAÇÃO,6,6,2
2024,2,COMPUTAÇÃO,6,7,1
2024,2,COMPUTAÇÃO,7,7,7
2024,2,COMPUTAÇÃO,A,3,8
2024,2,COMPUTAÇÃO,A,4,1
2024,3,ASTRONOMIA / FÍSICA,3,3,4
2024,3,ASTRONOMIA / FÍSICA,3,4,6
2024,3,ASTRONOMIA / FÍSICA,4,4,16
2024,3,ASTRONOMIA / FÍSICA,4,5,7
2024,3,ASTRONOMIA / FÍSICA,5,5,9
2024,3,ASTRONOMIA / FÍSICA,5,6,3
2024,3,ASTRONOMIA / FÍSICA,6,6,3
2024,3,ASTRONOMIA / FÍSICA,6,7,1
2024,3,ASTRONOMIA / FÍSICA,7,5,1
2024,3,ASTRONOMIA / FÍSICA,7,7,10
2024,3,ASTRONOMIA / FÍSICA,A,3,1
2024,4,QUÍMICA,3,3,13
2024,4,QUÍMICA,3,4,5
2024,4,QUÍMICA,4,3,1
2024,4,QUÍMICA,4,4,17
2024,4,QUÍMICA,4,5,6
2024,4,QUÍMICA,4,6,2
2024,4,QUÍMICA,5,4,1
2024,4,QUÍMICA,5,5,7
2024,4,QUÍMICA,5,6,3
2024,4,QUÍMICA,6,5,1
2024,4,QUÍMICA,6,6,5
2024,4,QUÍMICA,7,7,10
2024,4,QUÍMICA,A,3,1
2024,4,QUÍMICA,A,4,1
2024,5,GEOCIÊNCIAS,3,3,8
2024,5,GEOCIÊNCIAS,3,4,6
2024,5,GEOCIÊNCIAS,4,4,16
2024,5,GEOCIÊNCIAS,4,5,2
2024,5,GEOCIÊNCIAS,5,4,1
2024,5,GEOCIÊNCIAS,5,5,5
2024,5,GEOCIÊNCIAS,5,6,2
2024,5,GEOCIÊNCIAS,6,6,5
2024,5,GEOCIÊNCIAS,6,7,2
2024,5,GEOCIÊNCIAS,7,7,6
2024,5,GEOCIÊNCIAS,A,3,2
2024,6,CIÊNCIAS BIOLÓGICAS I,3,4,7
2024,6,CIÊNCIAS BIOLÓGICAS I,4,3,1
2024,6,CIÊNCIAS BIOLÓGICAS I,4,4,10
2024,6,CIÊNCIAS BIOLÓGICAS I,4,5,10
2024,6,CIÊNCIAS BIOLÓGICAS I,5,4,1
2024,6,CIÊNCIAS BIOLÓGICAS I,5,5,9
2024,6,CIÊNCIAS BIOLÓGICAS I,5,6,6
2024,6,CIÊNCIAS BIOLÓGICAS I,6,6,7
2024,6,CIÊNCIAS BIOLÓGICAS I,6,7,1
2024,6,CIÊNCIAS BIOLÓGICAS I,7,7,5
2024,6,CIÊNCIAS BIOLÓGICAS I,A,3,1
2024,6,CIÊNCIAS BIOLÓGICAS I,A,4,1
2024,7,BIODIVERSIDADE,3,3,18
2024,7,BIODIVERSIDADE,3,4,14
2024,7,BIODIVERSIDADE,4,4,24
2024,7,BIODIVERSIDADE,4,5,20
2024,7,BIODIVERSIDADE,4,6,3
2024,7,BIODIVERSIDADE,5,4,2
2024,7,BIODIVERSIDADE,5,5,18
2024,7,BIODIVERSIDADE,5,6,4
2024,7,BIODIVERSIDADE,5,7,2
2024,7,BIODIVERSIDADE,6,4,1
2024,7,BIODIVERSIDADE,6,5,1
2024,7,BIODIVERSIDADE,6,6,11
2024,7,BIODIVERSIDADE,6,7,4
2024,7,BIODIVERSIDADE,7,5,2
2024,7,BIODIVERSIDADE,7,6,3
2024,7,BIODIVERSIDADE,7,7,4
2024,7,BIODIVERSIDADE,A,3,5
2024,7,BIODIVERSIDADE,A,4,2
2024,8,CIÊNCIAS BIOLÓGICAS II,3,3,4
2024,8,CIÊNCIAS BIOLÓGICAS II,3,4,4
2024,8,CIÊNCIAS BIOLÓGICAS II,4,3,2
2024,8,CIÊNCIAS BIOLÓGICAS II,4,4,11
2024,8,CIÊNCIAS BIOLÓGICAS II,4,5,17
2024,8,CIÊNCIAS BIOLÓGICAS II,5,4,1
2024,8,CIÊNCIAS BIOLÓGICAS II,5,5,10
2024,8,CIÊNCIAS BIOLÓGICAS II,5,6,5
2024,8,CIÊNCIAS BIOLÓGICAS II,6,6,5
2024,8,CIÊNCIAS BIOLÓGICAS II,6,7,1
2024,8,CIÊNCIAS BIOLÓGICAS II,7,7,13
2024,8,CIÊNCIAS BIOLÓGICAS II,A,4,2
2024,9,CIÊNCIAS BIOLÓGICAS III,3,3,2
2024,9,CIÊNCIAS BIOLÓGICAS III,3,4,3
2024,9,CIÊNCIAS BIOLÓGICAS III,4,4,8
2024,9,CIÊNCIAS BIOLÓGICAS III,4,5,2
2024,9,CIÊNCIAS BIOLÓGICAS III,5,4,1
2024,9,CIÊNCIAS BIOLÓGICAS III,5,5,6
2024,9,CIÊNCIAS BIOLÓGICAS III,5,6,1
2024,9,CIÊNCIAS BIOLÓGICAS III,6,6,3
2024,9,CIÊNCIAS BIOLÓGICAS III,6,7,2
2024,9,CIÊNCIAS BIOLÓGICAS III,7,7,8
2024,10,ENGENHARIAS I,3,3,29
2024,10,ENGENHARIAS I,3,4,29
2024,10,ENGENHARIAS I,4,3,4
2024,10,ENGENHARIAS I,4,4,11
2024,10,ENGENHARIAS I,4,5,23
2024,10,ENGENHARIAS I,5,4,3
2024,10,ENGENHARIAS I,5,5,4
2024,10,ENGENHARIAS I,5,6,7
2024,10,ENGENHARIAS I,6,6,5
2024,10,ENGENHARIAS I,6,7,1
2024,10,ENGENHARIAS I,7,7,4
2024,10,ENGENHARIAS I,A,3,3
2024,10,ENGENHARIAS I,A,4,1
2024,11,ARTES,3,3,3
2024,11,ARTES,3,4,14
2024,11,ARTES,4,4,14
2024,11,ARTES,4,5,8
2024,11,ARTES,5,5,5
2024,11,ARTES,5,6,4
2024,11,ARTES,6,5,1
2024,11,ARTES,6,6,5
2024,11,ARTES,7,7,1
2024,11,ARTES,A,3,10
2024,11,ARTES,A,4,1
2024,12,ENGENHARIAS II,3,3,27
2024,12,ENGENHARIAS II,3,4,14
2024,12,ENGENHARIAS II,4,4,12
2024,12,ENGENHARIAS II,4,5,5
2024,12,ENGENHARIAS II,5,5,6
2024,12,ENGENHARIAS II,5,6,3
2024,12,ENGENHARIAS II,6,6,7
2024,12,ENGENHARIAS II,6,7,4
2024,12,ENGENHARIAS II,7,6,2
2024,12,ENGENHARIAS II,7,7,6
2024,12,ENGENHARIAS II,A,3,3
2024,13,ENGENHARIAS III,3,3,29
2024,13,ENGENHARIAS III,3,4,17
2024,13,ENGENHARIAS III,4,4,19
2024,13,ENGENHARIAS III,4,5,9
2024,13,ENGENHARIAS III,5,4,2
2024,13,ENGENHARIAS III,5,5,11
2024,13,ENGENHARIAS III,5,6,2
2024,13,ENGENHARIAS III,5,7,2
2024,13,ENGENHARIAS III,6,6,5
2024,13,ENGENHARIAS III,7,7,5
2024,13,ENGENHARIAS III,A,3,12
2024,14,ENGENHARIAS IV,3,3,25
2024,14,ENGENHARIAS IV,3,4,9
2024,14,ENGENHARIAS IV,4,3,1
2024,14,ENGENHARIAS IV,4,4,24
2024,14,ENGENHARIAS IV,4,5,1
2024,14,ENGENHARIAS IV,5,4,1
2024,14,ENGENHARIAS IV,5,5,7
2024,14,ENGENHARIAS IV,5,6,2
2024,14,ENGENHARIAS IV,6,5,1
2024,14,ENGENHARIAS IV,6,6,5
2024,14,ENGENHARIAS IV,6,7,4
2024,14,ENGENHARIAS IV,7,6,2
2024,14,ENGENHARIAS IV,7,7,1
2024,14,ENGENHARIAS IV,A,3,2
2024,15,MEDICINA I,3,3,11
2024,15,MEDICINA I,3,4,12
2024,15,MEDICINA I,3,5,4
2024,15,MEDICINA I,4,3,2
2024,15,MEDICINA I,4,4,12
2024,15,MEDICINA I,4,5,14
2024,15,MEDICINA I,5,4,2
2024,15,MEDICINA I,5,5,15
2024,15,MEDICINA I,5,6,11
2024,15,MEDICINA I,6,5,1
2024,15,MEDICINA I,6,6,8
2024,15,MEDICINA I,6,7,2
2024,15,MEDICINA I,7,7,3
2024,15,MEDICINA I,A,3,8
2024,15,MEDICINA I,A,4,2
2024,16,MEDICINA II,3,3,20
2024,16,MEDICINA II,3,4,7
2024,16,MEDICINA II,4,3,4
2024,16,MEDICINA II,4,4,15
2024,16,MEDICINA II,4,5,4
2024,16,MEDICINA II,5,4,2
2024,16,MEDICINA II,5,5,26
2024,16,MEDICINA II,5,6,7
2024,16,MEDICINA II,6,4,1
2024,16,MEDICINA II,6,6,6
2024,16,MEDICINA II,6,7,3
2024,16,MEDICINA II,7,6,1
2024,16,MEDICINA II,7,7,5
2024,16,MEDICINA II,A,3,4
2024,17,MEDICINA III,3,3,9
2024,17,MEDICINA III,3,4,5
2024,17,MEDICINA III,4,3,1
2024,17,MEDICINA III,4,4,12
2024,17,MEDICINA III,4,5,7
2024,17,MEDICINA III,5,4,1
2024,17,MEDICINA III,5,5,5
2024,17,MEDICINA III,5,6,3
2024,17,MEDICINA III,6,6,1
2024,17,MEDICINA III,6,7,2
2024,17,MEDICINA III,7,7,1
2024,17,MEDICINA III,A,3,3
2024,18,ODONTOLOGIA,3,3,2
2024,18,ODONTOLOGIA,3,4,11
2024,18,ODONTOLOGIA,4,4,33
2024,18,ODONTOLOGIA,4,5,11
2024,18,ODONTOLOGIA,5,4,1
2024,18,ODONTOLOGIA,5,5,18
2024,18,ODONTOLOGIA,5,6,3
2024,18,ODONTOLOGIA,6,6,7
2024,18,ODONTOLOGIA,6,7,2
2024,18,ODONTOLOGIA,7,7,3
2024,18,ODONTOLOGIA,A,3,2
2024,18,ODONTOLOGIA,A,4,1
2024,19,FARMÁCIA,3,3,16
2024,19,FARMÁCIA,3,4,9
2024,19,FARMÁCIA,4,4,21
2024,19,FARMÁCIA,4,5,4
2024,19,FARMÁCIA,5,5,8
2024,19,FARMÁCIA,5,6,1
2024,19,FARMÁCIA,6,6,4
2024,19,FARMÁCIA,7,7,4
2024,19,FARMÁCIA,A,3,1
2024,19,FARMÁCIA,A,4,1
2024,20,ENFERMAGEM,3,3,13
2024,20,ENFERMAGEM,3,4,11
2024,20,ENFERMAGEM,4,4,18
2024,20,ENFERMAGEM,4,5,6
2024,20,ENFERMAGEM,5,5,15
2024,20,ENFERMAGEM,5,6,3
2024,20,ENFERMAGEM,6,6,3
2024,20,ENFERMAGEM,6,7,1
2024,20,ENFERMAGEM,7,7,3
2024,20,ENFERMAGEM,A,3,3
2024,20,ENFERMAGEM,A,4,1
2024,21,"EDUCAÇÃO FÍSICA, FISIOTERAPIA, FONOAUDIOLOGIA E TERAPIA OCUPACIONAL",3,3,12
2024,21,"EDUCAÇÃO FÍSICA, FISIOTERAPIA, FONOAUDIOLOGIA E TERAPIA OCUPACIONAL",3,4,11
2024,21,"EDUCAÇÃO FÍSICA, FISIOTERAPIA, FONOAUDIOLOGIA E TERAPIA OCUPACIONAL",4,4,10
2024,21,"EDUCAÇÃO FÍSICA, FISIOTERAPIA, FONOAUDIOLOGIA E TERAPIA OCUPACIONAL",4,5,15
2024,21,"EDUCAÇÃO FÍSICA, FISIOTERAPIA, FONOAUDIOLOGIA E TERAPIA OCUPACIONAL",5,5,5
2024,21,"EDUCAÇÃO FÍSICA, FISIOTERAPIA, FONOAUDIOLOGIA E TERAPIA OCUPACIONAL",5,6,4
2024,21,"EDUCAÇÃO FÍSICA, FISIOTERAPIA, FONOAUDIOLOGIA E TERAPIA OCUPACIONAL",6,6,3
2024,21,"EDUCAÇÃO FÍSICA, FISIOTERAPIA, FONOAUDIOLOGIA E TERAPIA OCUPACIONAL",6,7,1
2024,21,"EDUCAÇÃO FÍSICA, FISIOTERAPIA, FONOAUDIOLOGIA E TERAPIA OCUPACIONAL",7,7,2
2024,21,"EDUCAÇÃO FÍSICA, FISIOTERAPIA, FONOAUDIOLOGIA E TERAPIA OCUPACIONAL",A,3,8
2024,21,"EDUCAÇÃO FÍSICA, FISIOTERAPIA, FONOAUDIOLOGIA E TERAPIA OCUPACIONAL",A,4,2
2024,22,SAÚDE COLETIVA,3,3,17
2024,22,SAÚDE COLETIVA,3,4,20
2024,22,SAÚDE COLETIVA,4,4,18
2024,22,SAÚDE COLETIVA,4,5,10
2024,22,SAÚDE COLETIVA,5,4,1
2024,22,SAÚDE COLETIVA,5,5,11
2024,22,SAÚDE COLETIVA,5,6,2
2024,22,SAÚDE COLETIVA,6,6,4
2024,22,SAÚDE COLETIVA,6,7,3
2024,22,SAÚDE COLETIVA,7,7,3
2024,22,SAÚDE COLETIVA,A,3,5
2024,22,SAÚDE COLETIVA,A,4,1
2024,23,ZOOTECNIA / RECURSOS PESQUEIROS,3,3,11
2024,23,ZOOTECNIA / RECURSOS PESQUEIROS,3,4,11
2024,23,ZOOTECNIA / RECURSOS PESQUEIROS,4,4,19
2024,23,ZOOTECNIA / RECURSOS PESQUEIROS,5,5,7
2024,23,ZOOTECNIA / RECURSOS PESQUEIROS,6,6,6
2024,23,ZOOTECNIA / RECURSOS PESQUEIROS,7,7,3
2024,23,ZOOTECNIA / RECURSOS PESQUEIROS,A,3,1
2024,24,MEDICINA VETERINÁRIA,3,3,4
2024,24,MEDICINA VETERINÁRIA,3,4,13
2024,24,MEDICINA VETERINÁRIA,3,5,1
2024,24,MEDICINA VETERINÁRIA,4,4,17
2024,24,MEDICINA VETERINÁRIA,4,5,7
2024,24,MEDICINA VETERINÁRIA,5,4,3
2024,24,MEDICINA VETERINÁRIA,5,5,13
2024,24,MEDICINA VETERINÁRIA,5,6,6
2024,24,MEDICINA VETERINÁRIA,6,6,4
2024,24,MEDICINA VETERINÁRIA,6,7,5
2024,24,MEDICINA VETERINÁRIA,7,7,3
2024,24,MEDICINA VETERINÁRIA,A,3,2
2024,24,MEDICINA VETERINÁRIA,A,4,2
2024,25,CIÊNCIA DE ALIMENTOS,3,3,10
2024,25,CIÊNCIA DE ALIMENTOS,3,4,12
2024,25,CIÊNCIA DE ALIMENTOS,3,5,1
2024,25,CIÊNCIA DE ALIMENTOS,4,4,11
2024,25,CIÊNCIA DE ALIMENTOS,4,5,3
2024,25,CIÊNCIA DE ALIMENTOS,5,4,1
2024,25,CIÊNCIA DE ALIMENTOS,5,5,4
2024,25,CIÊNCIA DE ALIMENTOS,5,6,5
2024,25,CIÊNCIA DE ALIMENTOS,5,7,1
2024,25,CIÊNCIA DE ALIMENTOS,6,6,2
2024,25,CIÊNCIA DE ALIMENTOS,6,7,1
2024,25,CIÊNCIA DE ALIMENTOS,7,7,2
2024,25,CIÊNCIA DE ALIMENTOS,A,3,3
2024,26,DIREITO,3,3,20
2024,26,DIREITO,3,4,25
2024,26,DIREITO,4,4,25
2024,26,DIREITO,4,5,12
2024,26,DIREITO,5,5,7
2024,26,DIREITO,5,6,5
2024,26,DIREITO,6,6,8
2024,26,DIREITO,6,7,3
2024,26,DIREITO,A,3,15
2024,26,DIREITO,A,4,1
2024,27,"ADMINISTRAÇÃO PÚBLICA E DE EMPRESAS, CIÊNCIAS CONTÁBEIS E TURISMO",3,3,29
2024,27,"ADMINISTRAÇÃO PÚBLICA E DE EMPRESAS, CIÊNCIAS CONTÁBEIS E TURISMO",3,4,35
2024,27,"ADMINISTRAÇÃO PÚBLICA E DE EMPRESAS, CIÊNCIAS CONTÁBEIS E TURISMO",4,3,2
2024,27,"ADMINISTRAÇÃO PÚBLICA E DE EMPRESAS, CIÊNCIAS CONTÁBEIS E TURISMO",4,4,36
2024,27,"ADMINISTRAÇÃO PÚBLICA E DE EMPRESAS, CIÊNCIAS CONTÁBEIS E TURISMO",4,5,20
2024,27,"ADMINISTRAÇÃO PÚBLICA E DE EMPRESAS, CIÊNCIAS CONTÁBEIS E TURISMO",5,4,5
2024,27,"ADMINISTRAÇÃO PÚBLICA E DE EMPRESAS, CIÊNCIAS CONTÁBEIS E TURISMO",5,5,22
2024,27,"ADMINISTRAÇÃO PÚBLICA E DE EMPRESAS, CIÊNCIAS CONTÁBEIS E TURISMO",5,6,7
2024,27,"ADMINISTRAÇÃO PÚBLICA E DE EMPRESAS, CIÊNCIAS CONTÁBEIS E TURISMO",6,6,2
2024,27,"ADMINISTRAÇÃO PÚBLICA E DE EMPRESAS, CIÊNCIAS CONTÁBEIS E TURISMO",6,7,2
2024,27,"ADMINISTRAÇÃO PÚBLICA E DE EMPRESAS, CIÊNCIAS CONTÁBEIS E TURISMO",7,7,3
2024,27,"ADMINISTRAÇÃO PÚBLICA E DE EMPRESAS, CIÊNCIAS CONTÁBEIS E TURISMO",A,3,9
2024,28,ECONOMIA,3,3,15
2024,28,ECONOMIA,3,4,5
2024,28,ECONOMIA,4,3,1
2024,28,ECONOMIA,4,4,18
2024,28,ECONOMIA,4,5,3
2024,28,ECONOMIA,5,5,13
2024,28,ECONOMIA,5,6,2
2024,28,ECONOMIA,6,5,1
2024,28,ECONOMIA,6,6,4
2024,28,ECONOMIA,6,7,1
2024,28,ECONOMIA,7,7,4
2024,28,ECONOMIA,A,3,4
2024,28,ECONOMIA,A,4,2
2024,29,"ARQUITETURA, URBANISMO E DESIGN",3,3,3
2024,29,"ARQUITETURA, URBANISMO E DESIGN",3,4,18
2024,29,"ARQUITETURA, URBANISMO E DESIGN",4,4,3
2024,29,"ARQUITETURA, URBANISMO E DESIGN",4,5,19
2024,29,"ARQUITETURA, URBANISMO E DESIGN",4,6,3
2024,29,"ARQUITETURA, URBANISMO E DESIGN",5,5,6
2024,29,"ARQUITETURA, URBANISMO E DESIGN",5,6,3
2024,29,"ARQUITETURA, URBANISMO E DESIGN",5,7,1
2024,29,"ARQUITETURA, URBANISMO E DESIGN",6,6,3
2024,29,"ARQUITETURA, URBANISMO E DESIGN",6,7,1
2024,29,"ARQUITETURA, URBANISMO E DESIGN",A,3,2
2024,30,PLANEJAMENTO URBANO E REGIONAL / DEMOGRAFIA,3,3,10
2024,30,PLANEJAMENTO URBANO E REGIONAL / DEMOGRAFIA,3,4,8
2024,30,PLANEJAMENTO URBANO E REGIONAL / DEMOGRAFIA,4,4,9
2024,30,PLANEJAMENTO URBANO E REGIONAL / DEMOGRAFIA,4,5,7
2024,30,PLANEJAMENTO URBANO E REGIONAL / DEMOGRAFIA,5,4,1
2024,30,PLANEJAMENTO URBANO E REGIONAL / DEMOGRAFIA,5,5,1
2024,30,PLANEJAMENTO URBANO E REGIONAL / DEMOGRAFIA,5,6,3
2024,30,PLANEJAMENTO URBANO E REGIONAL / DEMOGRAFIA,6,5,2
2024,30,PLANEJAMENTO URBANO E REGIONAL / DEMOGRAFIA,6,6,1
2024,30,PLANEJAMENTO URBANO E REGIONAL / DEMOGRAFIA,7,7,1
2024,30,PLANEJAMENTO URBANO E REGIONAL / DEMOGRAFIA,A,3,4
2024,31,COMUNICAÇÃO E INFORMAÇÃO,3,3,8
2024,31,COMUNICAÇÃO E INFORMAÇÃO,3,4,23
2024,31,COMUNICAÇÃO E INFORMAÇÃO,3,5,1
2024,31,COMUNICAÇÃO E INFORMAÇÃO,4,4,20
2024,31,COMUNICAÇÃO E INFORMAÇÃO,4,5,10
2024,31,COMUNICAÇÃO E INFORMAÇÃO,4,6,1
2024,31,COMUNICAÇÃO E INFORMAÇÃO,5,4,1
2024,31,COMUNICAÇÃO E INFORMAÇÃO,5,5,8
2024,31,COMUNICAÇÃO E INFORMAÇÃO,5,6,2
2024,31,COMUNICAÇÃO E INFORMAÇÃO,6,6,1
2024,31,COMUNICAÇÃO E INFORMAÇÃO,6,7,2
2024,31,COMUNICAÇÃO E INFORMAÇÃO,7,7,1
2024,31,COMUNICAÇÃO E INFORMAÇÃO,A,3,6
2024,31,COMUNICAÇÃO E INFORMAÇÃO,A,4,1
2024,32,SERVIÇO SOCIAL,3,3,6
2024,32,SERVIÇO SOCIAL,3,4,6
2024,32,SERVIÇO SOCIAL,4,4,3
2024,32,SERVIÇO SOCIAL,4,5,8
2024,32,SERVIÇO SOCIAL,5,5,2
2024,32,SERVIÇO SOCIAL,5,6,2
2024,32,SERVIÇO SOCIAL,6,6,4
2024,32,SERVIÇO SOCIAL,7,7,1
2024,32,SERVIÇO SOCIAL,A,3,3
2024,33,FILOSOFIA,3,3,1
2024,33,FILOSOFIA,3,4,8
2024,33,FILOSOFIA,4,4,8
2024,33,FILOSOFIA,4,5,10
2024,33,FILOSOFIA,5,5,5
2024,33,FILOSOFIA,5,6,7
2024,33,FILOSOFIA,6,6,1
2024,33,FILOSOFIA,6,7,3
2024,33,FILOSOFIA,7,7,1
2024,33,FILOSOFIA,A,3,7
2024,34,SOCIOLOGIA,3,3,4
2024,34,SOCIOLOGIA,3,4,7
2024,34,SOCIOLOGIA,4,4,14
2024,34,SOCIOLOGIA,4,5,7
2024,34,SOCIOLOGIA,5,4,1
2024,34,SOCIOLOGIA,5,5,6
2024,34,SOCIOLOGIA,5,6,2
2024,34,SOCIOLOGIA,6,5,1
2024,34,SOCIOLOGIA,6,6,3
2024,34,SOCIOLOGIA,6,7,1
2024,34,SOCIOLOGIA,7,7,3
2024,34,SOCIOLOGIA,A,3,1
2024,35,ANTROPOLOGIA / ARQUEOLOGIA,3,3,7
2024,35,ANTROPOLOGIA / ARQUEOLOGIA,3,4,3
2024,35,ANTROPOLOGIA / ARQUEOLOGIA,4,4,5
2024,35,ANTROPOLOGIA / ARQUEOLOGIA,4,5,4
2024,35,ANTROPOLOGIA / ARQUEOLOGIA,5,5,5
2024,35,ANTROPOLOGIA / ARQUEOLOGIA,5,6,4
2024,35,ANTROPOLOGIA / ARQUEOLOGIA,6,6,1
2024,35,ANTROPOLOGIA / ARQUEOLOGIA,6,7,1
2024,35,ANTROPOLOGIA / ARQUEOLOGIA,7,7,2
2024,35,ANTROPOLOGIA / ARQUEOLOGIA,A,3,3
2024,35,ANTROPOLOGIA / ARQUEOLOGIA,A,4,1
2024,36,GEOGRAFIA,3,3,1
2024,36,GEOGRAFIA,3,4,23
2024,36,GEOGRAFIA,4,4,10
2024,36,GEOGRAFIA,4,5,6
2024,36,GEOGRAFIA,5,5,11
2024,36,GEOGRAFIA,5,6,2
2024,36,GEOGRAFIA,6,5,1
2024,36,GEOGRAFIA,6,6,6
2024,36,GEOGRAFIA,7,7,2
2024,36,GEOGRAFIA,A,3,11
2024,37,PSICOLOGIA,3,3,11
2024,37,PSICOLOGIA,3,4,14
2024,37,PSICOLOGIA,4,3,1
2024,37,PSICOLOGIA,4,4,23
2024,37,PSICOLOGIA,4,5,11
2024,37,PSICOLOGIA,5,5,17
2024,37,PSICOLOGIA,5,6,3
2024,37,PSICOLOGIA,6,6,5
2024,37,PSICOLOGIA,6,7,1
2024,37,PSICOLOGIA,7,7,3
2024,37,PSICOLOGIA,A,3,6
2024,37,PSICOLOGIA,A,4,2
2024,38,EDUCAÇÃO,3,3,14
2024,38,EDUCAÇÃO,3,4,36
2024,38,EDUCAÇÃO,4,3,4
2024,38,EDUCAÇÃO,4,4,50
2024,38,EDUCAÇÃO,4,5,14
2024,38,EDUCAÇÃO,5,3,1
2024,38,EDUCAÇÃO,5,4,10
2024,38,EDUCAÇÃO,5,5,25
2024,38,EDUCAÇÃO,5,6,4
2024,38,EDUCAÇÃO,6,6,5
2024,38,EDUCAÇÃO,6,7,2
2024,38,EDUCAÇÃO,7,6,1
2024,38,EDUCAÇÃO,7,7,2
2024,38,EDUCAÇÃO,A,3,11
2024,38,EDUCAÇÃO,A,4,1
2024,39,CIÊNCIA POLÍTICA E RELAÇÕES INTERNACIONAIS,3,3,4
2024,39,CIÊNCIA POLÍTICA E RELAÇÕES INTERNACIONAIS,3,4,14
2024,39,CIÊNCIA POLÍTICA E RELAÇÕES INTERNACIONAIS,4,3,1
2024,39,CIÊNCIA POLÍTICA E RELAÇÕES INTERNACIONAIS,4,4,10
2024,39,CIÊNCIA POLÍTICA E RELAÇÕES INTERNACIONAIS,4,5,7
2024,39,CIÊNCIA POLÍTICA E RELAÇÕES INTERNACIONAIS,5,4,1
2024,39,CIÊNCIA POLÍTICA E RELAÇÕES INTERNACIONAIS,5,5,3
2024,39,CIÊNCIA POLÍTICA E RELAÇÕES INTERNACIONAIS,5,6,2
2024,39,CIÊNCIA POLÍTICA E RELAÇÕES INTERNACIONAIS,6,5,1
2024,39,CIÊNCIA POLÍTICA E RELAÇÕES INTERNACIONAIS,6,6,2
2024,39,CIÊNCIA POLÍTICA E RELAÇÕES INTERNACIONAIS,6,7,2
2024,39,CIÊNCIA POLÍTICA E RELAÇÕES INTERNACIONAIS,7,7,2
2024,39,CIÊNCIA POLÍTICA E RELAÇÕES INTERNACIONAIS,A,3,10
2024,40,HISTÓRIA,3,3,7
2024,40,HISTÓRIA,3,4,15
2024,40,HISTÓRIA,4,4,12
2024,40,HISTÓRIA,4,5,12
2024,40,HISTÓRIA,5,5,10
2024,40,HISTÓRIA,5,6,6
2024,40,HISTÓRIA,6,7,4
2024,40,HISTÓRIA,7,7,2
2024,40,HISTÓRIA,A,3,9
2024,41,LINGUÍSTICA E LITERATURA,3,3,4
2024,41,LINGUÍSTICA E LITERATURA,3,4,22
2024,41,LINGUÍSTICA E LITERATURA,4,3,3
2024,41,LINGUÍSTICA E LITERATURA,4,4,28
2024,41,LINGUÍSTICA E LITERATURA,4,5,25
2024,41,LINGUÍSTICA E LITERATURA,5,4,2
2024,41,LINGUÍSTICA E LITERATURA,5,5,20
2024,41,LINGUÍSTICA E LITERATURA,5,6,14
2024,41,LINGUÍSTICA E LITERATURA,6,5,2
2024,41,LINGUÍSTICA E LITERATURA,6,6,6
2024,41,LINGUÍSTICA E LITERATURA,6,7,5
2024,41,LINGUÍSTICA E LITERATURA,7,6,3
2024,41,LINGUÍSTICA E LITERATURA,7,7,3
2024,41,LINGUÍSTICA E LITERATURA,A,3,9
2024,42,CIÊNCIAS AGRÁRIAS I,3,3,19
2024,42,CIÊNCIAS AGRÁRIAS I,3,4,28
2024,42,CIÊNCIAS AGRÁRIAS I,4,4,50
2024,42,CIÊNCIAS AGRÁRIAS I,4,5,33
2024,42,CIÊNCIAS AGRÁRIAS I,5,4,1
2024,42,CIÊNCIAS AGRÁRIAS I,5,5,40
2024,42,CIÊNCIAS AGRÁRIAS I,5,6,9
2024,42,CIÊNCIAS AGRÁRIAS I,6,6,16
2024,42,CIÊNCIAS AGRÁRIAS I,6,7,3
2024,42,CIÊNCIAS AGRÁRIAS I,7,7,11
2024,42,CIÊNCIAS AGRÁRIAS I,A,3,1
2024,44,CIÊNCIAS DA RELIGIÃO E TEOLOGIA,3,3,3
2024,44,CIÊNCIAS DA RELIGIÃO E TEOLOGIA,3,4,3
2024,44,CIÊNCIAS DA RELIGIÃO E TEOLOGIA,4,4,6
2024,44,CIÊNCIAS DA RELIGIÃO E TEOLOGIA,4,5,2
2024,44,CIÊNCIAS DA RELIGIÃO E TEOLOGIA,5,5,5
2024,44,CIÊNCIAS DA RELIGIÃO E TEOLOGIA,6,6,1
2024,44,CIÊNCIAS DA RELIGIÃO E TEOLOGIA,A,3,1
2024,45,INTERDISCIPLINAR,3,3,56
2024,45,INTERDISCIPLINAR,3,4,85
2024,45,INTERDISCIPLINAR,4,3,5
2024,45,INTERDISCIPLINAR,4,4,77
2024,45,INTERDISCIPLINAR,4,5,44
2024,45,INTERDISCIPLINAR,5,4,4
2024,45,INTERDISCIPLINAR,5,5,24
2024,45,INTERDISCIPLINAR,5,6,7
2024,45,INTERDISCIPLINAR,6,6,5
2024,45,INTERDISCIPLINAR,6,7,5
2024,45,INTERDISCIPLINAR,7,7,2
2024,45,INTERDISCIPLINAR,A,3,19
2024,45,INTERDISCIPLINAR,A,4,7
2024,45,INTERDISCIPLINAR,A,A,1
2024,46,ENSINO,3,3,26
2024,46,ENSINO,3,4,48
2024,46,ENSINO,4,3,1
2024,46,ENSINO,4,4,36
2024,46,ENSINO,4,5,13
2024,46,ENSINO,5,4,3
2024,46,ENSINO,5,5,9
2024,46,ENSINO,5,6,2
2024,46,ENSINO,6,5,1
2024,46,ENSINO,6,6,2
2024,46,ENSINO,6,7,3
2024,46,ENSINO,7,7,1
2024,46,ENSINO,A,3,23
2024,46,ENSINO,A,4,2
2024,47,MATERIAIS,3,3,5
2024,47,MATERIAIS,3,4,7
2024,47,MATERIAIS,3,5,1
2024,47,MATERIAIS,4,4,8
2024,47,MATERIAIS,4,5,4
2024,47,MATERIAIS,5,5,4
2024,47,MATERIAIS,5,6,4
2024,47,MATERIAIS,6,5,1
2024,47,MATERIAIS,6,6,1
2024,47,MATERIAIS,7,7,2
2024,47,MATERIAIS,A,3,5
2024,48,BIOTECNOLOGIA,3,3,5
2024,48,BIOTECNOLOGIA,3,4,6
2024,48,BIOTECNOLOGIA,4,3,1
2024,48,BIOTECNOLOGIA,4,4,16
2024,48,BIOTECNOLOGIA,4,5,12
2024,48,BIOTECNOLOGIA,5,5,8
2024,48,BIOTECNOLOGIA,5,6,3
2024,48,BIOTECNOLOGIA,6,5,1
2024,48,BIOTECNOLOGIA,6,6,1
2024,48,BIOTECNOLOGIA,6,7,2
2024,48,BIOTECNOLOGIA,7,7,2
2024,48,BIOTECNOLOGIA,A,3,1
2024,48,BIOTECNOLOGIA,A,4,2
2024,49,CIÊNCIAS AMBIENTAIS,3,3,33
2024,49,CIÊNCIAS AMBIENTAIS,3,4,22
2024,49,CIÊNCIAS AMBIENTAIS,4,4,29
2024,49,CIÊNCIAS AMBIENTAIS,4,5,12
2024,49,CIÊNCIAS AMBIENTAIS,5,5,9
2024,49,CIÊNCIAS AMBIENTAIS,5,6,2
2024,49,CIÊNCIAS AMBIENTAIS,6,6,3
2024,49,CIÊNCIAS AMBIENTAIS,7,7,3
2024,49,CIÊNCIAS AMBIENTAIS,A,3,13
2024,49,CIÊNCIAS AMBIENTAIS,A,4,3
2024,50,NUTRIÇÃO,3,3,8
2024,50,NUTRIÇÃO,3,4,8
2024,50,NUTRIÇÃO,4,4,7
2024,50,NUTRIÇÃO,4,5,3
2024,50,NUTRIÇÃO,5,5,1
2024,50,NUTRIÇÃO,6,6,2
2024,50,NUTRIÇÃO,6,7,1
2024,50,NUTRIÇÃO,A,3,4
2024,51,CIÊNCIAS E HUMANIDADES PARA A EDUCAÇÃO BÁSICA,3,3,1
2024,51,CIÊNCIAS E HUMANIDADES PARA A EDUCAÇÃO BÁSICA,3,4,2
2024,51,CIÊNCIAS E HUMANIDADES PARA A EDUCAÇÃO BÁSICA,4,4,4
2024,51,CIÊNCIAS E HUMANIDADES PARA A EDUCAÇÃO BÁSICA,4,5,3
2024,51,CIÊNCIAS E HUMANIDADES PARA A EDUCAÇÃO BÁSICA,5,5,1
