AN_BASE,CD_AREA_AVALIACAO,NM_AREA_AVALIACAO,CONTAGEM_PROGRAMAS_DISTINTOS,CONTAGEM_PROGRAMAS_ATIVOS_DISTINTOS
2013,1,MATEMÁTICA / PROBABILIDADE E ESTATÍSTICA,57,57
2013,2,CIÊNCIA DA COMPUTAÇÃO,70,69
2013,3,ASTRONOMIA / FÍSICA,60,60
2013,4,QUÍMICA,61,61
2013,5,GEOCIÊNCIAS,52,52
2013,6,CIÊNCIAS BIOLÓGICAS I,63,60
2013,7,BIODIVERSIDADE,129,127
2013,8,CIÊNCIAS BIOLÓGICAS II,64,64
2013,9,CIÊNCIAS BIOLÓGICAS III,32,32
2013,10,ENGENHARIAS I,103,102
2013,11,ARTES / MÚSICA,44,44
2013,12,ENGENHARIAS II,79,79
2013,13,ENGENHARIAS III,114,114
2013,14,ENGENHARIAS IV,82,80
2013,15,MEDICINA I,82,81
2013,16,MEDICINA II,86,86
2013,17,MEDICINA III,38,38
2013,18,ODONTOLOGIA,95,94
2013,19,FARMÁCIA,58,58
2013,20,ENFERMAGEM,62,62
2013,21,EDUCAÇÃO FÍSICA,50,47
2013,22,SAÚDE COLETIVA,72,71
2013,23,ZOOTECNIA / RECURSOS PESQUEIROS,61,61
2013,24,MEDICINA VETERINÁRIA,62,62
2013,25,CIÊNCIA DE ALIMENTOS,48,47
2013,26,DIREITO,79,78
2013,27,"ADMINISTRAÇÃO PÚBLICA E DE EMPRESAS, CIÊNCIAS CONTÁBEIS E TURISMO",133,132
2013,28,ECONOMIA,55,55
2013,29,"ARQUITETURA, URBANISMO E DESIGN",50,50
2013,30,PLANEJAMENTO URBANO E REGIONAL / DEMOGRAFIA,37,37
2013,31,COMUNICAÇÃO E INFORMAÇÃO,61,61
2013,32,SERVIÇO SOCIAL,32,32
2013,33,FILOSOFIA,41,39
2013,34,SOCIOLOGIA,53,52
2013,35,ANTROPOLOGIA / ARQUEOLOGIA,26,26
2013,36,GEOGRAFIA,52,52
2013,37,PSICOLOGIA,72,72
2013,38,EDUCAÇÃO,142,142
2013,39,CIÊNCIA POLÍTICA E RELAÇÕES INTERNACIONAIS,34,32
2013,40,HISTÓRIA,64,63
2013,41,LETRAS / LINGUÍSTICA,139,136
2013,42,CIÊNCIAS AGRÁRIAS I,211,208
2013,44,TEOLOGIA,18,18
2013,45,INTERDISCIPLINAR,264,257
2013,46,ENSINO,94,94
2013,47,MATERIAIS,30,30
2013,48,BIOTECNOLOGIA,49,49
2013,49,CIÊNCIAS AMBIENTAIS,87,84
2013,50,NUTRIÇÃO,21,21
2014,1,MATEMÁTICA / PROBABILIDADE E ESTATÍSTICA,58,58
2014,2,CIÊNCIA DA COMPUTAÇÃO,73,73
2014,3,ASTRONOMIA / FÍSICA,60,60
2014,4,QUÍMICA,63,63
2014,5,GEOCIÊNCIAS,51,51
2014,6,CIÊNCIAS BIOLÓGICAS I,61,59
2014,7,BIODIVERSIDADE,133,132
2014,8,CIÊNCIAS BIOLÓGICAS II,69,69
2014,9,CIÊNCIAS BIOLÓGICAS III,34,34
2014,10,ENGENHARIAS I,105,105
2014,11,ARTES / MÚSICA,50,50
2014,12,ENGENHARIAS II,84,84
2014,13,ENGENHARIAS III,118,118
2014,14,ENGENHARIAS IV,83,81
2014,15,MEDICINA I,89,89
2014,16,MEDICINA II,88,88
2014,17,MEDICINA III,40,40
2014,18,ODONTOLOGIA,98,97
2014,19,FARMÁCIA,60,60
2014,20,ENFERMAGEM,66,66
2014,21,EDUCAÇÃO FÍSICA,51,48
2014,22,SAÚDE COLETIVA,75,74
2014,23,ZOOTECNIA / RECURSOS PESQUEIROS,64,64
2014,24,MEDICINA VETERINÁRIA,65,65
2014,25,CIÊNCIA DE ALIMENTOS,48,48
2014,26,DIREITO,87,87
2014,27,"ADMINISTRAÇÃO PÚBLICA E DE EMPRESAS, CIÊNCIAS CONTÁBEIS E TURISMO",148,148
2014,28,ECONOMIA,57,57
2014,29,"ARQUITETURA, URBANISMO E DESIGN",54,54
2014,30,PLANEJAMENTO URBANO E REGIONAL / DEMOGRAFIA,39,39
2014,31,COMUNICAÇÃO E INFORMAÇÃO,62,62
2014,32,SERVIÇO SOCIAL,33,32
2014,33,FILOSOFIA,43,41
2014,34,SOCIOLOGIA,51,51
2014,35,ANTROPOLOGIA / ARQUEOLOGIA,27,27
2014,36,GEOGRAFIA,56,56
2014,37,PSICOLOGIA,75,75
2014,38,EDUCAÇÃO,155,155
2014,39,CIÊNCIA POLÍTICA E RELAÇÕES INTERNACIONAIS,37,37
2014,40,HISTÓRIA,70,69
2014,41,LETRAS / LINGUÍSTICA,141,140
2014,42,CIÊNCIAS AGRÁRIAS I,218,214
2014,44,TEOLOGIA,20,20
2014,45,INTERDISCIPLINAR,287,283
2014,46,ENSINO,115,115
2014,47,MATERIAIS,30,30
2014,48,BIOTECNOLOGIA,52,52
2014,49,CIÊNCIAS AMBIENTAIS,97,95
2014,50,NUTRIÇÃO,25,25
2015,1,MATEMÁTICA / PROBABILIDADE E ESTATÍSTICA,59,59
2015,2,CIÊNCIA DA COMPUTAÇÃO,74,74
2015,3,ASTRONOMIA / FÍSICA,59,59
2015,4,QUÍMICA,65,65
2015,5,GEOCIÊNCIAS,54,54
2015,6,CIÊNCIAS BIOLÓGICAS I,64,62
2015,7,BIODIVERSIDADE,139,138
2015,8,CIÊNCIAS BIOLÓGICAS II,72,72
2015,9,CIÊNCIAS BIOLÓGICAS III,34,34
2015,10,ENGENHARIAS I,111,110
2015,11,ARTES / MÚSICA,52,52
2015,12,ENGENHARIAS II,87,87
2015,13,ENGENHARIAS III,124,123
2015,14,ENGENHARIAS IV,83,81
2015,15,MEDICINA I,91,91
2015,16,MEDICINA II,93,93
2015,17,MEDICINA III,45,45
2015,18,ODONTOLOGIA,97,97
2015,19,FARMÁCIA,62,62
2015,20,ENFERMAGEM,70,70
2015,21,EDUCAÇÃO FÍSICA,56,53
2015,22,SAÚDE COLETIVA,83,82
2015,23,ZOOTECNIA / RECURSOS PESQUEIROS,67,67
2015,24,MEDICINA VETERINÁRIA,71,71
2015,25,CIÊNCIA DE ALIMENTOS,51,51
2015,26,DIREITO,92,91
2015,27,"ADMINISTRAÇÃO PÚBLICA E DE EMPRESAS, CIÊNCIAS CONTÁBEIS E TURISMO",164,164
2015,28,ECONOMIA,61,61
2015,29,"ARQUITETURA, URBANISMO E DESIGN",56,56
2015,30,PLANEJAMENTO URBANO E REGIONAL / DEMOGRAFIA,41,41
2015,31,COMUNICAÇÃO E INFORMAÇÃO,67,67
2015,32,SERVIÇO SOCIAL,33,32
2015,33,FILOSOFIA,45,44
2015,34,SOCIOLOGIA,51,51
2015,35,ANTROPOLOGIA / ARQUEOLOGIA,28,28
2015,36,GEOGRAFIA,62,62
2015,37,PSICOLOGIA,80,80
2015,38,EDUCAÇÃO,163,163
2015,39,CIÊNCIA POLÍTICA E RELAÇÕES INTERNACIONAIS,40,40
2015,40,HISTÓRIA,70,69
2015,41,LETRAS / LINGUÍSTICA,146,146
2015,42,CIÊNCIAS AGRÁRIAS I,218,218
2015,44,TEOLOGIA,21,21
2015,45,INTERDISCIPLINAR,297,295
2015,46,ENSINO,129,128
2015,47,MATERIAIS,32,32
2015,48,BIOTECNOLOGIA,56,56
2015,49,CIÊNCIAS AMBIENTAIS,105,103
2015,50,NUTRIÇÃO,26,26
2016,1,MATEMÁTICA / PROBABILIDADE E ESTATÍSTICA,59,59
2016,2,CIÊNCIA DA COMPUTAÇÃO,77,77
2016,3,ASTRONOMIA / FÍSICA,63,63
2016,4,QUÍMICA,69,69
2016,5,GEOCIÊNCIAS,55,55
2016,6,CIÊNCIAS BIOLÓGICAS I,65,63
2016,7,BIODIVERSIDADE,142,141
2016,8,CIÊNCIAS BIOLÓGICAS II,73,73
2016,9,CIÊNCIAS BIOLÓGICAS III,35,35
2016,10,ENGENHARIAS I,115,115
2016,11,ARTES / MÚSICA,56,56
2016,12,ENGENHARIAS II,93,93
2016,13,ENGENHARIAS III,127,126
2016,14,ENGENHARIAS IV,87,85
2016,15,MEDICINA I,95,95
2016,16,MEDICINA II,100,100
2016,17,MEDICINA III,47,47
2016,18,ODONTOLOGIA,102,101
2016,19,FARMÁCIA,64,64
2016,20,ENFERMAGEM,74,74
2016,21,EDUCAÇÃO FÍSICA,63,62
2016,22,SAÚDE COLETIVA,87,87
2016,23,ZOOTECNIA / RECURSOS PESQUEIROS,69,69
2016,24,MEDICINA VETERINÁRIA,76,76
2016,25,CIÊNCIA DE ALIMENTOS,57,57
2016,26,DIREITO,99,99
2016,27,"ADMINISTRAÇÃO PÚBLICA E DE EMPRESAS, CIÊNCIAS CONTÁBEIS E TURISMO",182,182
2016,28,ECONOMIA,66,66
2016,29,"ARQUITETURA, URBANISMO E DESIGN",59,59
2016,30,PLANEJAMENTO URBANO E REGIONAL / DEMOGRAFIA,46,46
2016,31,COMUNICAÇÃO E INFORMAÇÃO,76,76
2016,32,SERVIÇO SOCIAL,35,34
2016,33,FILOSOFIA,46,45
2016,34,SOCIOLOGIA,53,53
2016,35,ANTROPOLOGIA / ARQUEOLOGIA,29,29
2016,36,GEOGRAFIA,64,64
2016,37,PSICOLOGIA,85,85
2016,38,EDUCAÇÃO,170,170
2016,39,CIÊNCIA POLÍTICA E RELAÇÕES INTERNACIONAIS,43,43
2016,40,HISTÓRIA,71,71
2016,41,LETRAS / LINGUÍSTICA,154,154
2016,42,CIÊNCIAS AGRÁRIAS I,223,223
2016,44,TEOLOGIA,21,21
2016,45,INTERDISCIPLINAR,336,335
2016,46,ENSINO,141,140
2016,47,MATERIAIS,36,36
2016,48,BIOTECNOLOGIA,60,60
2016,49,CIÊNCIAS AMBIENTAIS,114,114
2016,50,NUTRIÇÃO,27,27
2017,1,MATEMÁTICA / PROBABILIDADE E ESTATÍSTICA,59,59
2017,2,CIÊNCIA DA COMPUTAÇÃO,78,77
2017,3,ASTRONOMIA / FÍSICA,62,61
2017,4,QUÍMICA,73,72
2017,5,GEOCIÊNCIAS,57,57
2017,6,CIÊNCIAS BIOLÓGICAS I,64,63
2017,7,BIODIVERSIDADE,145,142
2017,8,CIÊNCIAS BIOLÓGICAS II,77,76
2017,9,CIÊNCIAS BIOLÓGICAS III,36,35
2017,10,ENGENHARIAS I,124,121
2017,11,ARTES,59,57
2017,12,ENGENHARIAS II,96,93
2017,13,ENGENHARIAS III,128,120
2017,14,ENGENHARIAS IV,90,90
2017,15,MEDICINA I,102,98
2017,16,MEDICINA II,106,104
2017,17,MEDICINA III,49,48
2017,18,ODONTOLOGIA,104,101
2017,19,FARMÁCIA,67,67
2017,20,ENFERMAGEM,76,76
2017,21,EDUCAÇÃO FÍSICA,67,66
2017,22,SAÚDE COLETIVA,88,88
2017,23,ZOOTECNIA / RECURSOS PESQUEIROS,70,69
2017,24,MEDICINA VETERINÁRIA,83,83
2017,25,CIÊNCIA DE ALIMENTOS,58,58
2017,26,DIREITO,105,105
2017,27,"ADMINISTRAÇÃO PÚBLICA E DE EMPRESAS, CIÊNCIAS CONTÁBEIS E TURISMO",188,187
2017,28,ECONOMIA,70,70
2017,29,"ARQUITETURA, URBANISMO E DESIGN",66,66
2017,30,PLANEJAMENTO URBANO E REGIONAL / DEMOGRAFIA,46,46
2017,31,COMUNICAÇÃO E INFORMAÇÃO,84,83
2017,32,SERVIÇO SOCIAL,34,34
2017,33,FILOSOFIA,45,45
2017,34,SOCIOLOGIA,53,51
2017,35,ANTROPOLOGIA / ARQUEOLOGIA,31,31
2017,36,GEOGRAFIA,65,65
2017,37,PSICOLOGIA,92,92
2017,38,EDUCAÇÃO,176,176
2017,39,CIÊNCIA POLÍTICA E RELAÇÕES INTERNACIONAIS,48,48
2017,40,HISTÓRIA,72,71
2017,41,LINGUÍSTICA E LITERATURA,155,155
2017,42,CIÊNCIAS AGRÁRIAS I,224,224
2017,44,CIÊNCIAS DA RELIGIÃO E TEOLOGIA,21,21
2017,45,INTERDISCIPLINAR,348,339
2017,46,ENSINO,154,154
2017,47,MATERIAIS,36,36
2017,48,BIOTECNOLOGIA,63,63
2017,49,CIÊNCIAS AMBIENTAIS,121,121
2017,50,NUTRIÇÃO,32,32
2018,1,MATEMÁTICA / PROBABILIDADE E ESTATÍSTICA,59,59
2018,2,CIÊNCIA DA COMPUTAÇÃO,77,76
2018,3,ASTRONOMIA / FÍSICA,64,62
2018,4,QUÍMICA,73,72
2018,5,GEOCIÊNCIAS,56,56
2018,6,CIÊNCIAS BIOLÓGICAS I,64,63
2018,7,BIODIVERSIDADE,145,140
2018,8,CIÊNCIAS BIOLÓGICAS II,77,76
2018,9,CIÊNCIAS BIOLÓGICAS III,36,35
2018,10,ENGENHARIAS I,125,122
2018,11,ARTES,59,57
2018,12,ENGENHARIAS II,96,93
2018,13,ENGENHARIAS III,127,115
2018,14,ENGENHARIAS IV,92,90
2018,15,MEDICINA I,101,98
2018,16,MEDICINA II,105,103
2018,17,MEDICINA III,49,48
2018,18,ODONTOLOGIA,105,100
2018,19,FARMÁCIA,69,69
2018,20,ENFERMAGEM,75,74
2018,21,EDUCAÇÃO FÍSICA,68,66
2018,22,SAÚDE COLETIVA,89,89
2018,23,ZOOTECNIA / RECURSOS PESQUEIROS,69,68
2018,24,MEDICINA VETERINÁRIA,83,82
2018,25,CIÊNCIA DE ALIMENTOS,58,58
2018,26,DIREITO,106,106
2018,27,"ADMINISTRAÇÃO PÚBLICA E DE EMPRESAS, CIÊNCIAS CONTÁBEIS E TURISMO",187,183
2018,28,ECONOMIA,69,69
2018,29,"ARQUITETURA, URBANISMO E DESIGN",66,66
2018,30,PLANEJAMENTO URBANO E REGIONAL / DEMOGRAFIA,46,46
2018,31,COMUNICAÇÃO E INFORMAÇÃO,86,84
2018,32,SERVIÇO SOCIAL,33,33
2018,33,FILOSOFIA,46,45
2018,34,SOCIOLOGIA,53,51
2018,35,ANTROPOLOGIA / ARQUEOLOGIA,33,33
2018,36,GEOGRAFIA,65,65
2018,37,PSICOLOGIA,92,92
2018,38,EDUCAÇÃO,176,176
2018,39,CIÊNCIA POLÍTICA E RELAÇÕES INTERNACIONAIS,51,50
2018,40,HISTÓRIA,72,72
2018,41,LINGUÍSTICA E LITERATURA,153,153
2018,42,CIÊNCIAS AGRÁRIAS I,224,224
2018,44,CIÊNCIAS DA RELIGIÃO E TEOLOGIA,21,21
2018,45,INTERDISCIPLINAR,353,343
2018,46,ENSINO,156,155
2018,47,MATERIAIS,36,36
2018,48,BIOTECNOLOGIA,63,62
2018,49,CIÊNCIAS AMBIENTAIS,123,121
2018,50,NUTRIÇÃO,32,32
2019,1,MATEMÁTICA / PROBABILIDADE E ESTATÍSTICA,59,59
2019,2,CIÊNCIA DA COMPUTAÇÃO,85,84
2019,3,ASTRONOMIA / FÍSICA,64,62
2019,4,QUÍMICA,74,74
2019,5,GEOCIÊNCIAS,58,58
2019,6,CIÊNCIAS BIOLÓGICAS I,62,61
2019,7,BIODIVERSIDADE,145,142
2019,8,CIÊNCIAS BIOLÓGICAS II,78,78
2019,9,CIÊNCIAS BIOLÓGICAS III,36,36
2019,10,ENGENHARIAS I,126,124
2019,11,ARTES,69,68
2019,12,ENGENHARIAS II,97,93
2019,13,ENGENHARIAS III,135,126
2019,14,ENGENHARIAS IV,93,91
2019,15,MEDICINA I,106,104
2019,16,MEDICINA II,106,105
2019,17,MEDICINA III,50,50
2019,18,ODONTOLOGIA,104,102
2019,19,FARMÁCIA,70,70
2019,20,ENFERMAGEM,78,78
2019,21,EDUCAÇÃO FÍSICA,74,73
2019,22,SAÚDE COLETIVA,93,93
2019,23,ZOOTECNIA / RECURSOS PESQUEIROS,71,70
2019,24,MEDICINA VETERINÁRIA,85,85
2019,25,CIÊNCIA DE ALIMENTOS,61,61
2019,26,DIREITO,118,118
2019,27,"ADMINISTRAÇÃO PÚBLICA E DE EMPRESAS, CIÊNCIAS CONTÁBEIS E TURISMO",191,186
2019,28,ECONOMIA,75,75
2019,29,"ARQUITETURA, URBANISMO E DESIGN",66,66
2019,30,PLANEJAMENTO URBANO E REGIONAL / DEMOGRAFIA,50,49
2019,31,COMUNICAÇÃO E INFORMAÇÃO,91,89
2019,32,SERVIÇO SOCIAL,36,36
2019,33,FILOSOFIA,51,51
2019,34,SOCIOLOGIA,55,53
2019,35,ANTROPOLOGIA / ARQUEOLOGIA,37,37
2019,36,GEOGRAFIA,76,76
2019,37,PSICOLOGIA,99,99
2019,38,EDUCAÇÃO,184,183
2019,39,CIÊNCIA POLÍTICA E RELAÇÕES INTERNACIONAIS,58,58
2019,40,HISTÓRIA,81,81
2019,41,LINGUÍSTICA E LITERATURA,161,160
2019,42,CIÊNCIAS AGRÁRIAS I,224,224
2019,44,CIÊNCIAS DA RELIGIÃO E TEOLOGIA,20,20
2019,45,INTERDISCIPLINAR,366,355
2019,46,ENSINO,174,174
2019,47,MATERIAIS,41,41
2019,48,BIOTECNOLOGIA,68,66
2019,49,CIÊNCIAS AMBIENTAIS,134,133
2019,50,NUTRIÇÃO,35,35
2020,1,MATEMÁTICA / PROBABILIDADE E ESTATÍSTICA,60,60
2020,2,CIÊNCIA DA COMPUTAÇÃO,86,85
2020,3,ASTRONOMIA / FÍSICA,64,62
2020,4,QUÍMICA,75,75
2020,5,GEOCIÊNCIAS,57,57
2020,6,CIÊNCIAS BIOLÓGICAS I,61,61
2020,7,BIODIVERSIDADE,144,141
2020,8,CIÊNCIAS BIOLÓGICAS II,79,78
2020,9,CIÊNCIAS BIOLÓGICAS III,36,36
2020,10,ENGENHARIAS I,127,127
2020,11,ARTES,68,68
2020,12,ENGENHARIAS II,95,93
2020,13,ENGENHARIAS III,128,125
2020,14,ENGENHARIAS IV,94,91
2020,15,MEDICINA I,110,110
2020,16,MEDICINA II,107,107
2020,17,MEDICINA III,51,51
2020,18,ODONTOLOGIA,100,98
2020,19,FARMÁCIA,69,69
2020,20,ENFERMAGEM,78,78
2020,21,EDUCAÇÃO FÍSICA,75,75
2020,22,SAÚDE COLETIVA,95,95
2020,23,ZOOTECNIA / RECURSOS PESQUEIROS,64,63
2020,24,MEDICINA VETERINÁRIA,83,83
2020,25,CIÊNCIA DE ALIMENTOS,60,60
2020,26,DIREITO,125,125
2020,27,"ADMINISTRAÇÃO PÚBLICA E DE EMPRESAS, CIÊNCIAS CONTÁBEIS E TURISMO",189,186
2020,28,ECONOMIA,75,75
2020,29,"ARQUITETURA, URBANISMO E DESIGN",66,66
2020,30,PLANEJAMENTO URBANO E REGIONAL / DEMOGRAFIA,49,48
2020,31,COMUNICAÇÃO E INFORMAÇÃO,91,90
2020,32,SERVIÇO SOCIAL,36,36
2020,33,FILOSOFIA,52,52
2020,34,SOCIOLOGIA,53,52
2020,35,ANTROPOLOGIA / ARQUEOLOGIA,37,37
2020,36,GEOGRAFIA,76,76
2020,37,PSICOLOGIA,101,101
2020,38,EDUCAÇÃO,186,185
2020,39,CIÊNCIA POLÍTICA E RELAÇÕES INTERNACIONAIS,59,59
2020,40,HISTÓRIA,80,80
2020,41,LINGUÍSTICA E LITERATURA,157,156
2020,42,CIÊNCIAS AGRÁRIAS I,218,218
2020,44,CIÊNCIAS DA RELIGIÃO E TEOLOGIA,21,21
2020,45,INTERDISCIPLINAR,365,359
2020,46,ENSINO,177,177
2020,47,MATERIAIS,41,41
2020,48,BIOTECNOLOGIA,66,65
2020,49,CIÊNCIAS AMBIENTAIS,137,137
2020,50,NUTRIÇÃO,36,36
2021,1,MATEMÁTICA / PROBABILIDADE E ESTATÍSTICA,60,60
2021,2,CIÊNCIA DA COMPUTAÇÃO,88,88
2021,3,ASTRONOMIA / FÍSICA,66,63
2021,4,QUÍMICA,78,76
2021,5,GEOCIÊNCIAS,58,58
2021,6,CIÊNCIAS BIOLÓGICAS I,63,62
2021,7,BIODIVERSIDADE,147,143
2021,8,CIÊNCIAS BIOLÓGICAS II,79,77
2021,9,CIÊNCIAS BIOLÓGICAS III,36,36
2021,10,ENGENHARIAS I,133,127
2021,11,ARTES,70,69
2021,12,ENGENHARIAS II,99,94
2021,13,ENGENHARIAS III,133,126
2021,14,ENGENHARIAS IV,93,92
2021,15,MEDICINA I,114,110
2021,16,MEDICINA II,108,108
2021,17,MEDICINA III,53,52
2021,18,ODONTOLOGIA,104,100
2021,19,FARMÁCIA,69,69
2021,20,ENFERMAGEM,78,78
2021,21,EDUCAÇÃO FÍSICA,81,80
2021,22,SAÚDE COLETIVA,97,97
2021,23,ZOOTECNIA / RECURSOS PESQUEIROS,65,61
2021,24,MEDICINA VETERINÁRIA,87,86
2021,25,CIÊNCIA DE ALIMENTOS,61,60
2021,26,DIREITO,133,133
2021,27,"ADMINISTRAÇÃO PÚBLICA E DE EMPRESAS, CIÊNCIAS CONTÁBEIS E TURISMO",194,190
2021,28,ECONOMIA,77,77
2021,29,"ARQUITETURA, URBANISMO E DESIGN",67,66
2021,30,PLANEJAMENTO URBANO E REGIONAL / DEMOGRAFIA,50,48
2021,31,COMUNICAÇÃO E INFORMAÇÃO,92,91
2021,32,SERVIÇO SOCIAL,37,36
2021,33,FILOSOFIA,56,54
2021,34,SOCIOLOGIA,54,52
2021,35,ANTROPOLOGIA / ARQUEOLOGIA,37,37
2021,36,GEOGRAFIA,79,78
2021,37,PSICOLOGIA,102,102
2021,38,EDUCAÇÃO,191,189
2021,39,CIÊNCIA POLÍTICA E RELAÇÕES INTERNACIONAIS,62,61
2021,40,HISTÓRIA,85,82
2021,41,LINGUÍSTICA E LITERATURA,163,158
2021,42,CIÊNCIAS AGRÁRIAS I,224,217
2021,44,CIÊNCIAS DA RELIGIÃO E TEOLOGIA,21,21
2021,45,INTERDISCIPLINAR,389,371
2021,46,ENSINO,187,183
2021,47,MATERIAIS,43,42
2021,48,BIOTECNOLOGIA,68,67
2021,49,CIÊNCIAS AMBIENTAIS,142,139
2021,50,NUTRIÇÃO,36,36
2022,1,MATEMÁTICA / PROBABILIDADE E ESTATÍSTICA,60,60
2022,2,CIÊNCIA DA COMPUTAÇÃO,88,88
2022,3,ASTRONOMIA / FÍSICA,63,63
2022,4,QUÍMICA,76,76
2022,5,GEOCIÊNCIAS,58,58
2022,6,CIÊNCIAS BIOLÓGICAS I,62,62
2022,7,BIODIVERSIDADE,142,142
2022,8,CIÊNCIAS BIOLÓGICAS II,77,77
2022,9,CIÊNCIAS BIOLÓGICAS III,36,36
2022,10,ENGENHARIAS I,128,127
2022,11,ARTES,70,70
2022,12,ENGENHARIAS II,94,94
2022,13,ENGENHARIAS III,126,126
2022,14,ENGENHARIAS IV,92,91
2022,15,MEDICINA I,112,111
2022,16,MEDICINA II,108,108
2022,17,MEDICINA III,52,52
2022,18,ODONTOLOGIA,98,98
2022,19,FARMÁCIA,69,69
2022,20,ENFERMAGEM,79,79
2022,21,EDUCAÇÃO FÍSICA,80,80
2022,22,SAÚDE COLETIVA,97,97
2022,23,ZOOTECNIA / RECURSOS PESQUEIROS,61,61
2022,24,MEDICINA VETERINÁRIA,85,85
2022,25,CIÊNCIA DE ALIMENTOS,59,59
2022,26,DIREITO,132,132
2022,27,"ADMINISTRAÇÃO PÚBLICA E DE EMPRESAS, CIÊNCIAS CONTÁBEIS E TURISMO",189,188
2022,28,ECONOMIA,76,75
2022,29,"ARQUITETURA, URBANISMO E DESIGN",65,64
2022,30,PLANEJAMENTO URBANO E REGIONAL / DEMOGRAFIA,47,47
2022,31,COMUNICAÇÃO E INFORMAÇÃO,89,88
2022,32,SERVIÇO SOCIAL,36,36
2022,33,FILOSOFIA,54,54
2022,34,SOCIOLOGIA,52,51
2022,35,ANTROPOLOGIA / ARQUEOLOGIA,37,37
2022,36,GEOGRAFIA,77,77
2022,37,PSICOLOGIA,102,101
2022,38,EDUCAÇÃO,191,191
2022,39,CIÊNCIA POLÍTICA E RELAÇÕES INTERNACIONAIS,60,60
2022,40,HISTÓRIA,82,81
2022,41,LINGUÍSTICA E LITERATURA,157,156
2022,42,CIÊNCIAS AGRÁRIAS I,217,216
2022,44,CIÊNCIAS DA RELIGIÃO E TEOLOGIA,21,21
2022,45,INTERDISCIPLINAR,376,375
2022,46,ENSINO,182,181
2022,47,MATERIAIS,42,42
2022,48,BIOTECNOLOGIA,66,65
2022,49,CIÊNCIAS AMBIENTAIS,138,138
2022,50,NUTRIÇÃO,34,34
2023,1,MATEMÁTICA / PROBABILIDADE E ESTATÍSTICA,60,60
2023,2,CIÊNCIA DA COMPUTAÇÃO,88,87
2023,3,ASTRONOMIA / FÍSICA,66,63
2023,4,QUÍMICA,76,76
2023,5,GEOCIÊNCIAS,58,55
2023,6,CIÊNCIAS BIOLÓGICAS I,62,62
2023,7,BIODIVERSIDADE,145,141
2023,8,CIÊNCIAS BIOLÓGICAS II,77,76
2023,9,CIÊNCIAS BIOLÓGICAS III,36,36
2023,10,ENGENHARIAS I,129,124
2023,11,ARTES,70,70
2023,12,ENGENHARIAS II,97,93
2023,13,ENGENHARIAS III,133,122
2023,14,ENGENHARIAS IV,92,89
2023,15,MEDICINA I,113,110
2023,16,MEDICINA II,108,106
2023,17,MEDICINA III,53,52
2023,18,ODONTOLOGIA,100,98
2023,19,FARMÁCIA,69,69
2023,20,ENFERMAGEM,79,78
2023,21,EDUCAÇÃO FÍSICA,81,80
2023,22,SAÚDE COLETIVA,97,97
2023,23,ZOOTECNIA / RECURSOS PESQUEIROS,65,61
2023,24,MEDICINA VETERINÁRIA,86,84
2023,25,CIÊNCIA DE ALIMENTOS,61,57
2023,26,DIREITO,132,129
2023,27,"ADMINISTRAÇÃO PÚBLICA E DE EMPRESAS, CIÊNCIAS CONTÁBEIS E TURISMO",191,183
2023,28,ECONOMIA,77,74
2023,29,"ARQUITETURA, URBANISMO E DESIGN",66,63
2023,30,PLANEJAMENTO URBANO E REGIONAL / DEMOGRAFIA,48,47
2023,31,COMUNICAÇÃO E INFORMAÇÃO,90,87
2023,32,SERVIÇO SOCIAL,36,36
2023,33,FILOSOFIA,56,54
2023,34,SOCIOLOGIA,53,51
2023,35,ANTROPOLOGIA / ARQUEOLOGIA,37,36
2023,36,GEOGRAFIA,77,77
2023,37,PSICOLOGIA,102,100
2023,38,EDUCAÇÃO,191,190
2023,39,CIÊNCIA POLÍTICA E RELAÇÕES INTERNACIONAIS,60,60
2023,40,HISTÓRIA,84,81
2023,41,LINGUÍSTICA E LITERATURA,159,153
2023,42,CIÊNCIAS AGRÁRIAS I,222,216
2023,44,CIÊNCIAS DA RELIGIÃO E TEOLOGIA,21,21
2023,45,INTERDISCIPLINAR,387,368
2023,46,ENSINO,184,180
2023,47,MATERIAIS,42,42
2023,48,BIOTECNOLOGIA,66,65
2023,49,CIÊNCIAS AMBIENTAIS,141,137
2023,50,NUTRIÇÃO,36,34
2024,1,MATEMÁTICA / PROBABILIDADE E ESTATÍSTICA,60,60
2024,2,COMPUTAÇÃO,88,88
2024,3,ASTRONOMIA / FÍSICA,63,63
2024,4,QUÍMICA,76,76
2024,5,GEOCIÊNCIAS,58,57
2024,6,CIÊNCIAS BIOLÓGICAS I,61,60
2024,7,BIODIVERSIDADE,141,140
2024,8,CIÊNCIAS BIOLÓGICAS II,77,77
2024,9,CIÊNCIAS BIOLÓGICAS III,37,37
2024,10,ENGENHARIAS I,126,126
2024,11,ARTES,73,73
2024,12,ENGENHARIAS II,94,94
2024,13,ENGENHARIAS III,126,119
2024,14,ENGENHARIAS IV,90,89
2024,15,MEDICINA I,111,111
2024,16,MEDICINA II,108,106
2024,17,MEDICINA III,51,51
2024,18,ODONTOLOGIA,100,98
2024,19,FARMÁCIA,70,70
2024,20,ENFERMAGEM,81,80
2024,21,"EDUCAÇÃO FÍSICA, FISIOTERAPIA, FONOAUDIOLOGIA E TERAPIA OCUPACIONAL",83,82
2024,22,SAÚDE COLETIVA,98,98
2024,23,ZOOTECNIA / RECURSOS PESQUEIROS,62,61
2024,24,MEDICINA VETERINÁRIA,87,87
2024,25,CIÊNCIA DE ALIMENTOS,57,57
2024,26,DIREITO,136,135
2024,27,"ADMINISTRAÇÃO PÚBLICA E DE EMPRESAS, CIÊNCIAS CONTÁBEIS E TURISMO",187,182
2024,28,ECONOMIA,77,76
2024,29,"ARQUITETURA, URBANISMO E DESIGN",63,62
2024,30,PLANEJAMENTO URBANO E REGIONAL / DEMOGRAFIA,49,49
2024,31,COMUNICAÇÃO E INFORMAÇÃO,95,93
2024,32,SERVIÇO SOCIAL,37,36
2024,33,FILOSOFIA,54,54
2024,34,SOCIOLOGIA,53,52
2024,35,ANTROPOLOGIA / ARQUEOLOGIA,39,38
2024,36,GEOGRAFIA,80,80
2024,37,PSICOLOGIA,102,100
2024,38,EDUCAÇÃO,193,192
2024,39,CIÊNCIA POLÍTICA E RELAÇÕES INTERNACIONAIS,64,64
2024,40,HISTÓRIA,81,80
2024,41,LINGUÍSTICA E LITERATURA,157,155
2024,42,CIÊNCIAS AGRÁRIAS I,215,215
2024,44,CIÊNCIAS DA RELIGIÃO E TEOLOGIA,22,22
2024,45,INTERDISCIPLINAR,379,372
2024,46,ENSINO,181,179
2024,47,MATERIAIS,45,45
2024,48,BIOTECNOLOGIA,64,62
2024,49,CIÊNCIAS AMBIENTAIS,137,136
2024,50,NUTRIÇÃO,34,34
2024,51,CIÊNCIAS E HUMANIDADES PARA A EDUCAÇÃO BÁSICA,13,13
