CD_AREA_AVALIACAO,NM_AREA_AVALIACAO,PROGRAMAS_NOTA_6_7_2020,PROGRAMAS_NOTA_6_7_2024,CRESCIMENTO_ABSOLUTO_2020_2024,CRESCIMENTO_PERCENTUAL_2020_2024,TOTAL_PROGRAMAS_2020,TOTAL_PROGRAMAS_2024,PROPORCAO_NOTA_6_7_2020_PCT,PROPORCAO_NOTA_6_7_2024_PCT,DELTA_PROPORCAO_PONTOS_PCT,PROGRAMAS_NOTA_6_2020,PROGRAMAS_NOTA_7_2020,PROGRAMAS_NOTA_6_2024,PROGRAMAS_NOTA_7_2024
1,MATEMÁTICA / PROBABILIDADE E ESTATÍSTICA,10,13,3,30.000000,60,60,16.666667,21.666667,5.000000,3,7,5,8
2,COMPUTAÇÃO,10,12,2,20.000000,85,88,11.764706,13.636364,1.871658,3,7,4,8
3,ASTRONOMIA / FÍSICA,15,17,2,13.333333,62,63,24.193548,26.984127,2.790579,4,11,6,11
4,QUÍMICA,16,20,4,25.000000,75,76,21.333333,26.315789,4.982456,6,10,10,10
5,GEOCIÊNCIAS,13,15,2,15.384615,57,57,22.807018,26.315789,3.508772,7,6,7,8
6,CIÊNCIAS BIOLÓGICAS I,13,19,6,46.153846,61,60,21.311475,31.666667,10.355191,8,5,13,6
7,BIODIVERSIDADE,26,31,5,19.230769,141,140,18.439716,22.142857,3.703141,17,9,21,10
8,CIÊNCIAS BIOLÓGICAS II,20,24,4,20.000000,78,77,25.641026,31.168831,5.527806,7,13,10,14
9,CIÊNCIAS BIOLÓGICAS III,13,14,1,7.692308,36,37,36.111111,37.837838,1.726727,5,8,4,10
10,ENGENHARIAS I,10,17,7,70.000000,127,126,7.874016,13.492063,5.618048,6,4,12,5
11,ARTES,7,10,3,42.857143,68,73,10.294118,13.698630,3.404512,6,1,9,1
12,ENGENHARIAS II,19,22,3,15.789474,93,94,20.430108,23.404255,2.974148,11,8,12,10
13,ENGENHARIAS III,10,14,4,40.000000,125,119,8.000000,11.764706,3.764706,5,5,7,7
14,ENGENHARIAS IV,13,14,1,7.692308,91,89,14.285714,15.730337,1.444623,10,3,9,5
15,MEDICINA I,14,24,10,71.428571,110,111,12.727273,21.621622,8.894349,11,3,19,5
16,MEDICINA II,16,22,6,37.500000,107,106,14.953271,20.754717,5.801446,10,6,14,8
17,MEDICINA III,4,7,3,75.000000,51,51,7.843137,13.725490,5.882353,3,1,4,3
18,ODONTOLOGIA,12,15,3,25.000000,98,98,12.244898,15.306122,3.061224,9,3,10,5
19,FARMÁCIA,8,9,1,12.500000,69,70,11.594203,12.857143,1.262940,4,4,5,4
20,ENFERMAGEM,7,10,3,42.857143,78,80,8.974359,12.500000,3.525641,4,3,6,4
21,"EDUCAÇÃO FÍSICA, FISIOTERAPIA, FONOAUDIOLOGIA E TERAPIA OCUPACIONAL",6,10,4,66.666667,75,82,8.000000,12.195122,4.195122,4,2,7,3
22,SAÚDE COLETIVA,10,12,2,20.000000,95,98,10.526316,12.244898,1.718582,7,3,6,6
23,ZOOTECNIA / RECURSOS PESQUEIROS,9,9,0,0.000000,63,61,14.285714,14.754098,0.468384,6,3,6,3
24,MEDICINA VETERINÁRIA,12,18,6,50.000000,83,87,14.457831,20.689655,6.231824,9,3,10,8
25,CIÊNCIA DE ALIMENTOS,5,11,6,120.000000,60,57,8.333333,19.298246,10.964912,3,2,7,4
26,DIREITO,11,16,5,45.454545,125,135,8.800000,11.851852,3.051852,11,0,13,3
27,"ADMINISTRAÇÃO PÚBLICA E DE EMPRESAS, CIÊNCIAS CONTÁBEIS E TURISMO",7,14,7,100.000000,186,182,3.763441,7.692308,3.928867,4,3,9,5
28,ECONOMIA,10,11,1,10.000000,75,76,13.333333,14.473684,1.140351,6,4,6,5
29,"ARQUITETURA, URBANISMO E DESIGN",4,11,7,175.000000,66,62,6.060606,17.741935,11.681329,4,0,9,2
30,PLANEJAMENTO URBANO E REGIONAL / DEMOGRAFIA,4,5,1,25.000000,48,49,8.333333,10.204082,1.870748,3,1,4,1
31,COMUNICAÇÃO E INFORMAÇÃO,5,7,2,40.000000,90,93,5.555556,7.526882,1.971326,4,1,4,3
32,SERVIÇO SOCIAL,6,7,1,16.666667,36,36,16.666667,19.444444,2.777778,5,1,6,1
33,FILOSOFIA,5,12,7,140.000000,52,54,9.615385,22.222222,12.606838,4,1,8,4
34,SOCIOLOGIA,8,9,1,12.500000,52,52,15.384615,17.307692,1.923077,5,3,5,4
35,ANTROPOLOGIA / ARQUEOLOGIA,4,8,4,100.000000,37,38,10.810811,21.052632,10.241821,2,2,5,3
36,GEOGRAFIA,9,10,1,11.111111,76,80,11.842105,12.500000,0.657895,7,2,8,2
37,PSICOLOGIA,9,12,3,33.333333,101,100,8.910891,12.000000,3.089109,6,3,8,4
38,EDUCAÇÃO,10,14,4,40.000000,185,192,5.405405,7.291667,1.886261,7,3,10,4
39,CIÊNCIA POLÍTICA E RELAÇÕES INTERNACIONAIS,7,8,1,14.285714,59,64,11.864407,12.500000,0.635593,5,2,4,4
40,HISTÓRIA,6,12,6,100.000000,80,80,7.500000,15.000000,7.500000,4,2,6,6
41,LINGUÍSTICA E LITERATURA,19,31,12,63.157895,156,155,12.179487,20.000000,7.820513,13,6,23,8
42,CIÊNCIAS AGRÁRIAS I,30,39,9,30.000000,218,215,13.761468,18.139535,4.378067,19,11,25,14
44,CIÊNCIAS DA RELIGIÃO E TEOLOGIA,1,1,0,0.000000,21,22,4.761905,4.545455,-0.216450,1,0,1,0
45,INTERDISCIPLINAR,12,19,7,58.333333,359,372,3.342618,5.107527,1.764908,10,2,12,7
46,ENSINO,7,8,1,14.285714,177,179,3.954802,4.469274,0.514471,6,1,4,4
47,MATERIAIS,4,7,3,75.000000,41,45,9.756098,15.555556,5.799458,2,2,5,2
48,BIOTECNOLOGIA,6,8,2,33.333333,65,62,9.230769,12.903226,3.672457,4,2,4,4
49,CIÊNCIAS AMBIENTAIS,6,8,2,33.333333,137,136,4.379562,5.882353,1.502791,3,3,5,3
50,NUTRIÇÃO,3,3,0,0.000000,36,34,8.333333,8.823529,0.490196,3,0,2,1
51,CIÊNCIAS E HUMANIDADES PARA A EDUCAÇÃO BÁSICA,0,0,0,,0,13,0.000000,0.000000,0.000000,0,0,0,0
